id,domain,status,purchase_price,renewal_price,attractiveness,demand,length,registrar,created_at,expires_at,status_verified_at
627f3297-6e42-4c5d-b758-f8d9ae45dcff,birdfeeder.site,available,0.98,31.98,high,low,10,namecheap,,,23/09/2026 19:53
ba796aec-9be9-41b3-9341-a1ac0fb2d6f1,pitcherful.site,available,,,high,high,10,,,,
a3a47001-60fa-4c70-8dd3-cc72ca783b5d,liberalism.site,available,2.99,38.5,high,high,10,namesilo,,,27/09/2026 06:58
2dff582a-6d19-408b-866d-e68aeafeae05,sale.site,premium,10000.2,13800,high,low,4,unstoppable,,,29/09/2026 13:09
bdc29d30-076e-4247-a503-4613b42ef4a9,goddesshood.site,available,,,high,high,11,,,,
5256c63f-1d1d-40aa-92db-e4d8b064c476,bloc.site,premium,162.5,650,high,high,4,namecheap,,,27/09/2026 06:58
312f8861-79fc-41c9-9ce7-fc7c9c567f79,gopala.site,available,,,high,high,6,,,,
a033972f-3d04-406d-9dbf-8eabe88e2088,pupal.site,available,0.98,31.98,high,medium,5,namecheap,,,09/09/2026 06:07
823ca4c4-3742-4258-84bf-06fa07fafc14,search.site,premium,3250,13000,high,medium,6,namecheap,,,30/09/2026 03:20
d7bb7420-8f8f-41c1-8534-f06b73601d52,emberlynn.site,available,,,high,high,9,,,,
9dbb1e1d-a15c-4c02-a9ea-5f14a1c32d08,emphasise.site,available,2.99,38.5,high,low,9,namesilo,,,16/09/2026 21:53
900c9ab2-0567-4ad5-b1ac-eace3164b685,rail.site,premium,1107,1107,high,low,4,namesilo,,,29/09/2026 20:10
1c2372c4-a9ac-4b07-b786-a5265a804ad1,protectiveness.site,available,,,high,low,14,,,,
a29e1069-3fc9-4d51-aee5-15e7596030d0,bakeshop.site,available,0.98,31.98,high,low,8,namecheap,,,21/09/2026 20:10
d8b9a8f5-4161-40c2-a50e-affea76c5ac8,negligence.site,available,1.18,15.28,high,low,10,spaceship,,,29/09/2026 07:40
0fbeb6bd-a165-49de-bfe2-dc601748a3d7,atikaya.site,available,,,high,high,7,,,,
d21a38d0-eb51-4c5f-9ac6-12dc618fcc74,snuffly.site,available,0.98,31.98,high,medium,7,namecheap,,,10/09/2026 12:37
97e466ef-cd0a-45b2-bc4b-71c8023d3226,perpetuating.site,available,,,medium,low,12,,,,
23ad70d8-d9f3-4c09-abc5-84045543f5fb,granule.site,premium,81.25,325,high,high,7,namecheap,,,27/09/2026 06:57
27db3ad5-85cb-4ff3-85ed-92db0e6148b3,speculate.site,premium,250.2,,high,low,9,unstoppable,,,29/09/2026 11:01
e2bb10e6-b0ec-4057-9ed0-9eacc3118c26,calculator.site,premium,13800,13800,high,medium,10,namesilo,,,24/09/2026 11:42
5e7c1b07-f0ee-468d-bbee-0e99fa05ea03,exfoliant.site,available,,,high,high,9,,,,
ec5c8a24-4ffd-416e-8a0e-c7ae4b9f92be,unmissable.site,available,,,high,high,10,,,,
14b195b1-8ff1-4b99-8d3a-89b5a0a220a1,gorra.site,available,,,high,high,5,,,,
6ae88d39-fa20-4135-8317-5d255bb85b50,rocking.site,premium,68.75,275,high,low,7,dynadot,,,28/09/2026 15:55
efb4e837-7fff-43c5-badf-85c2b522096f,hooves.site,available,,,high,high,6,,,,
43b4bbbc-615c-4fca-88ac-302a6ad1736c,qatari.site,available,,,high,low,6,,,,
63a86671-1b89-40f0-ba2a-ffeecdec8d3c,kebob.site,available,,,high,high,5,,,,
23769304-c429-4dd3-9b64-29a1f49550c7,indira.site,premium,302.5,302.5,high,low,6,namesilo,,,29/09/2026 22:36
67d0b4a3-ca0c-4b9d-acde-ed06fdca4086,overfilled.site,available,,,medium,low,10,,,,
1618b8af-a196-42a5-b83e-b5f6dbfe9158,angevine.site,premium,302.5,302.5,high,low,8,namesilo,,,19/09/2026 06:07
6cfa9f69-a62f-40ed-b5e1-af3fd10737ca,grinned.site,available,,,medium,low,7,,,,
99db0bae-59d6-46a4-938e-6d08decb0e28,greenstuff.site,available,,,high,high,11,,,,
53c14758-4cef-419d-8f8d-e5b98a46a599,slickly.site,available,0.98,31.98,high,low,7,namecheap,,,14/09/2026 21:36
e0073da1-ddd2-4367-80b1-4cf2306b1809,witless.site,available,0.98,31.98,medium,low,7,namecheap,,,03/09/2026 17:49
c37dc9d1-cc2e-4087-8814-a733c9986ee0,flames.site,premium,,,high,low,6,,,,27/09/2026 23:38
5b7d9f42-8145-4a46-95a8-95e9992d2ad6,fooled.site,available,1.18,15.28,low,low,6,spaceship,,,29/09/2026 04:52
f25f0bc1-8301-4caa-9f94-1b9d5da23b8d,wigan.site,available,,,high,high,5,,,,
99c50621-a0ae-4199-820a-22f7fabf5da0,goddaughters.site,available,,,medium,low,12,,,,
008ae697-4d13-42a5-b451-c9da90afe7aa,limply.site,available,0.98,31.98,medium,low,6,namecheap,,,15/09/2026 12:20
0ece0b0b-e065-4460-b359-668b4d60e67b,goldman.site,premium,325,1300,high,low,7,namecheap,,,25/09/2026 05:32
42f8fbe9-45ed-4924-ade0-35cffd740ed5,raleigh.site,premium,1107,1107,high,low,7,namesilo,,,25/09/2026 03:57
5b64bc0f-d679-45ca-8261-00048ba474bc,dentifrice.site,available,,,high,high,10,,,,
fe16ccfe-2c7e-4a73-be9f-c039c2dcb4b0,andersen.site,premium,302.5,302.5,high,low,8,namesilo,,,19/09/2026 04:01
ebd398c1-b849-4e57-a9a6-4ea018168c0f,nomothetic.site,available,0.98,31.98,medium,low,10,namecheap,,,03/09/2026 18:22
cb835509-57d8-4759-a345-562c91ce2576,phd.site,premium,6900,6900,high,low,3,namesilo,,,25/09/2026 09:56
de6c0414-418d-4ccb-9b01-4f6cb43fe8a7,colourants.site,available,,,medium,low,10,,,,
ea02da46-924c-47fe-b6c0-181948a9d43f,astronomy.site,premium,325,1300,high,low,9,namecheap,,,20/09/2026 18:10
b2d0005b-5a47-4448-a23b-e9127f7171f4,roadman.site,available,0.98,31.98,high,low,7,namecheap,,,21/09/2026 18:08
1c990eb5-c1d6-4a7e-bb4f-1869c90d2cc8,backbencher.site,available,,,high,high,11,,,,
2fedab9d-8f8d-4359-a62c-c4fe1eb45c94,wolfhound.site,available,,,high,high,9,,,,
19c16c40-a144-4070-aa79-dd127248755b,condemned.site,available,4.99,27.7,medium,low,9,cloudflare,,,28/09/2026 17:15
e97003ca-ff6b-40cd-9a44-e6eebfe9d16a,disposables.site,available,,,medium,low,11,,,,
6f2f1a87-706d-419a-98ce-5c222705723f,unificationism.site,available,,,high,high,14,,,,
62fa2d6b-daf4-410c-aaf8-f421c9227eb4,wechatter.site,available,,,high,high,9,,,,
a271c10e-ae98-42c9-b52c-89cda0f5d920,qualm.site,available,,,high,high,5,,,,
ad0f6781-6bb3-4657-83f2-7e22b7884a90,seismometer.site,available,,,high,high,11,,,,
4e7d8e2e-04db-4c31-957f-e63ecf624f09,upadaisy.site,available,,,high,high,8,,,,
8aa4448e-f369-4eb6-9281-d2ccb6389ba5,dunno.site,available,,,high,high,5,,,,
ad8dd60b-65a2-42db-a266-362b9124682b,catchee.site,available,,,high,high,7,,,,
21fa7785-2ab8-45ae-922d-dd1f7767ad21,numbat.site,available,0.98,31.98,high,low,6,namecheap,,,22/09/2026 01:07
926ebfda-b41a-40c6-8d0b-26e14abdb8af,absorbedness.site,available,,,high,low,12,,,,
172e3acf-f11b-459b-ba53-37674de3b353,canvasses.site,available,,,medium,low,9,,,,
04603bfd-5093-4a9d-ab0d-78b6859fec4c,logistics.site,premium,3450,3450,high,low,9,namesilo,,,30/09/2026 16:05
d937a668-000b-4fea-8bff-e6ee8b0a84c9,alphanumerical.site,available,,,high,high,14,,,,
27e738fa-3318-46ee-9f6b-900546712dd2,inscribed.site,available,0.98,31.98,high,low,9,namecheap,,,17/08/2026 08:24
23f2dd9a-6a6d-4670-b06d-48497731efcf,quicksand.site,available,,,high,high,9,,,,
9bd02238-b31e-486d-882b-dbd034db34e1,windbreak.site,available,,,high,high,9,,,,
ce5ab201-e75f-4073-94c6-9b5d2078e1cb,bathos.site,available,2.99,38.5,medium,low,6,namesilo,,,22/09/2026 13:49
c9e67388-b295-49b7-8b03-9cc4e72f4a86,elapsing.site,available,,,medium,low,8,,,,
f2f3a570-17b2-4e01-adbf-07c0eb0bc263,unbeknownst.site,available,,,high,low,11,,,,
dc8959cf-7c4f-4af0-b53e-a6f39a873528,crooning.site,available,,,high,high,8,,,,
57cad1a2-538e-4831-9476-a3129d6fb190,rueful.site,available,0.98,31.98,high,low,6,namecheap,,,12/08/2026 23:38
be8cedc4-3245-4838-bccf-d1be7dcb8e38,huge.site,premium,640,640,high,low,4,namesilo,,,25/09/2026 06:09
bfed0619-4332-457c-bcb8-4f7b7ba58d78,anastrophe.site,available,2.99,38.5,medium,low,10,namesilo,,,19/09/2026 03:23
25d040ec-b173-4f02-a2c7-c8b419f4a5ea,spear.site,premium,250.2,,medium,low,5,unstoppable,,,28/09/2026 09:46
474b9cb4-432a-4584-bbc3-ed341a550520,vinculums.site,available,,,medium,low,9,,,,
07cb8bce-bdc2-4171-ae8f-4a42fc7dc99b,keramic.site,available,,,high,high,7,,,,
35066708-dcc8-4471-a8bf-90a7b6a7e5e3,proceduralists.site,available,,,medium,low,14,,,,
c332bf68-2172-4a2a-824a-f0682961af84,solomon.site,premium,1000.2,,high,low,7,unstoppable,,,28/09/2026 20:31
aec0d142-e8ad-4023-bfdd-af17fb33a27d,blackface.site,available,2.99,38.5,medium,low,9,namesilo,,,24/09/2026 02:15
ef0581f9-bd00-407d-8295-a3884083ef36,storeworker.site,available,,,high,high,11,,,,
7e4e5c5f-8ab9-4d44-be2d-8a5b88a2c160,lavender.site,premium,312.5,1250,high,low,8,name.com,,,22/08/2026 21:02
cd69c1fd-0096-4eee-b63d-3fba1bdb062e,genderfluidity.site,available,,,medium,low,14,,,,
924a0345-d652-4ae3-b308-cdc7f3a7433c,romps.site,available,,,high,low,5,,,,
3a20be60-5676-4c8c-934d-81f30783ecb8,urethane.site,available,,,high,high,8,,,,
c34e68c7-20ce-47d3-9adc-e9446a61b5f0,shipley.site,premium,302.5,302.5,high,low,7,namesilo,,,29/09/2026 09:53
f52b7a8b-e314-4e00-9853-e220b25c53d0,undated.site,available,0.98,31.98,high,low,7,namecheap,,,12/09/2026 06:58
ce6c9446-e5b9-447b-aeaa-7bd07e6964d5,leaking.site,available,1.18,15.28,high,low,7,spaceship,,,29/09/2026 08:44
6390c45b-e0b9-4e46-a8c1-5d6f5ff1e5fc,gourd.site,available,,,high,high,5,,,,
620f4e05-7d81-479a-a59e-6ba6d7f5c045,performer.site,premium,68.75,275,high,low,9,dynadot,,,28/09/2026 15:03
bbedd61c-9d5c-4feb-b19f-b92353e04885,smartphones.site,premium,2500.2,,high,low,11,unstoppable,,,30/09/2026 07:44
4ae57ff1-9321-4d79-a691-985d23a2a1a0,concentric.site,available,,,high,low,10,,,,
a2f84819-e653-4b73-996b-9516f596490d,cobbles.site,available,,,high,low,7,,,,
14434178-5ec5-489a-8e53-509d5f4eb16c,unweaned.site,available,0.98,31.98,medium,low,8,namecheap,,,12/09/2026 22:29
ddba99c2-f24f-415d-ae4e-4000b3f66e45,supposing.site,available,,,high,high,9,,,,
df4c9cfa-2fc2-435a-858a-8e4a3f2fde77,robemaking.site,available,,,high,low,10,,,,
a82a4a5d-e914-4d68-b13f-3e8d0b34a6b4,aeolian.site,available,0.98,31.98,high,low,7,namecheap,,,
2dad3a01-c4a6-4e16-b0cc-2fb2c3422099,rife.site,premium,81.25,325,high,low,4,namecheap,,,04/09/2026 20:07
ad65ccea-6a79-4470-8e9a-13985afbbe0a,liquefy.site,available,,,high,high,7,,,,
8bcf3b76-6904-4458-bd8d-1f8f88507ea8,ratchet.site,available,,,high,high,7,,,,
beca0b3d-e796-4625-a246-4b6180e8316d,unexciting.site,available,0.98,31.98,medium,low,10,namecheap,,,12/09/2026 09:32
ab0934be-503b-4a00-b53b-138a43ca595f,shaykh.site,available,1.18,15.28,high,low,6,spaceship,,,30/09/2026 21:57
d6aec772-6946-4ee8-9503-c5d56641e44f,compeer.site,available,0.98,31.98,high,low,7,namecheap,,,17/08/2026 11:35
cef267a8-04cb-4add-afc7-4ac601d6e3b5,shattering.site,available,0.98,31.98,high,medium,10,namecheap,,,10/09/2026 06:06
dd5dbf3a-53c7-47b3-9458-6adf97d98545,nya.site,available,,,high,high,3,,,,
988f1c4f-c0de-47f0-922a-eaac68da2bb6,smackless.site,available,,,high,high,9,,,,
de6be439-cdcc-40ee-86d2-20668a62faed,arava.site,premium,81.25,325,high,low,5,namecheap,,,20/09/2026 00:28
6a2da747-fac7-41d1-8953-1d1ed3a83370,marriageable.site,available,,,high,high,12,,,,
8134094a-50b4-4bd3-8a27-f2a73a42b398,conversationalistic.site,available,,,high,high,19,,,,
8c7ddc52-45a0-4360-9e51-6cada11c309a,terrificly.site,available,,,high,high,10,,,,
a084a8da-9c71-4348-89e0-f957682eb2ae,candelabra.site,available,,,high,high,10,,,,
10938157-f420-4976-9dbc-e7ec2a0daddb,neuroimmunity.site,available,,,high,low,13,,,,
65ae45d3-b863-49c3-8256-34dceb287ec8,nanowatt.site,available,,,high,high,8,,,,
1891165c-3e1c-42b2-8a4c-f25640948f7d,britcom.site,available,,,high,high,7,,,,
51274706-2fd0-4932-bf3b-7985ce2d10c4,platonian.site,available,,,high,high,9,,,,
c35a814a-5e04-4411-88b5-a09c34e85175,wokedom.site,available,,,high,high,7,,,,
6476a88f-a595-47e8-afae-349de2c2b9f4,compactly.site,available,0.98,31.98,high,low,9,namecheap,,,14/09/2026 07:35
5b1e37a9-dab0-4cbd-9a75-9d15fc3d9ed9,sailmaking.site,available,,,high,low,10,,,,
4f281d11-b8d6-42ed-86f7-323611451e6f,hierarchical.site,available,,,high,high,12,,,,
5171c11d-d329-447f-aff6-6c76f584b8f6,operate.site,premium,302.5,302.5,high,low,7,namesilo,,,25/09/2026 06:12
f4553c89-d502-422d-b583-e1757cca6d10,molech.site,available,,,high,high,6,,,,
85207963-6631-4073-b497-1716ca5d7dfb,beguiling.site,available,2.99,38.5,high,low,9,namesilo,,,22/09/2026 01:38
ef22162a-a56d-4bef-8ee1-731012e0baa6,highleg.site,available,,,high,high,7,,,,
1a05f95f-7e48-4f89-81c6-5af699adff69,sequin.site,premium,500.2,,high,high,6,unstoppable,,,30/09/2026 02:16
f31a8bf1-2dfc-47ea-9c68-ac7f091a71d4,sabbatical.site,available,,,high,low,10,,,,
f96f33ff-1e73-4906-bf89-6b0ad6826e95,periwinkle.site,available,,,high,high,10,,,,
7432a258-823f-445a-946b-19e31cf8ab2a,deescalations.site,available,,,low,low,13,,,,
b35fbee0-31fa-4a1f-9bda-1b3f33600b59,silently.site,available,0.98,31.98,high,low,8,namecheap,,,15/09/2026 15:52
b988b871-679d-46bf-a96d-2f6bfe82d512,relational.site,available,,,high,low,10,,,,
7f82b305-341f-4f2d-8b3e-3abf498611ae,orthopaedic.site,available,,,high,medium,11,,,,
5ac47161-fd7b-41eb-bdf9-98f5e80372ed,reinvents.site,available,2.99,38.5,high,low,9,namesilo,,,25/09/2026 13:26
d8b72a75-acb2-408c-ac96-502cd93caa7f,resemblance.site,available,2.99,,high,low,11,name.com,,,
bd83e134-eced-4512-b73d-a220eeccb905,heft.site,available,,,high,high,4,,,,
c6ffe10d-c8bd-4ffc-8b58-c4413d795b21,didjeridoo.site,available,,,high,high,10,,,,
275e08bb-ef97-4e0a-83eb-66bde6da78bc,skriegh.site,available,,,high,high,7,,,,
07d03c8d-f28e-436b-bef3-fa817785e2e7,insectivorous.site,available,,,high,high,13,,,,
929338aa-0b01-462e-b84a-211785628609,judah.site,premium,,,medium,low,5,,,,29/09/2026 01:27
e8ff6822-e88d-41ba-8280-63e785866c32,cruciform.site,available,0.98,31.98,high,low,9,namecheap,,,13/08/2026 08:42
ad758d79-aee2-430b-8d2e-ea1953ccf347,trackperson.site,available,,,high,low,11,,,,
2378e031-db61-4968-a5bb-14e70b687665,auger.site,premium,640,640,high,low,5,namesilo,,,21/09/2026 03:19
f1c2de3d-0edd-4ddb-ac78-5105aeeda1c7,thin.site,premium,156.25,625,high,low,4,name.com,,,14/08/2026 07:47
e7ee1ce2-66f4-442f-91f3-fed2fba8ba5b,ideological.site,available,,,high,high,11,,,,
33192d2c-dcf6-4cb5-b7bb-88eb5be47f88,sylvester.site,premium,500.2,,high,low,9,unstoppable,,,29/09/2026 15:28
7a3eb168-f2d3-4792-8b56-cc64edd98fd6,damped.site,available,,,high,high,6,,,,
325f198d-1303-444e-bbf3-58852c0fad9b,fastballs.site,available,,,high,low,9,,,,
0a2dfee5-895d-48bf-b3b8-fe0abd3ebeb4,trumpian.site,available,2.99,,medium,low,8,name.com,,,
1cab37a2-ae17-45c4-aea3-dbe8d2120952,clinker.site,available,,,high,high,7,,,,
04d3f1bf-ce90-46b0-af41-335966fd1549,fortunately.site,available,1.18,15.28,high,low,11,spaceship,,,27/09/2026 16:56
66bb2d14-bcb1-4765-b308-e8df7a97b38f,resort.site,premium,2500.2,3125,high,low,6,unstoppable,,,29/09/2026 22:04
5f25c207-1f73-4561-afd2-43fadef9cc8e,musculature.site,available,,,high,low,11,,,,
a5125583-e7c1-450d-8b5b-33a7d54316eb,divot.site,available,,,high,high,5,,,,
36439258-d905-4088-9dc8-53d1c47c6ea4,schooltime.site,available,,,high,high,10,,,,
8439f66d-483e-4367-ba4a-b4444ef29ee3,southward.site,premium,81.25,325,high,medium,9,namecheap,,,10/09/2026 14:49
f70d9761-6750-4854-bfa2-024f5dcd19d1,havana.site,premium,129.58,517.7,high,low,6,spaceship,,,28/09/2026 13:38
edcd5587-5671-4771-af97-20d7c5ff576e,batsman.site,available,2.99,38.5,high,low,7,namesilo,,,22/09/2026 14:19
881fe172-9153-4633-a385-dee5d3da8762,puree.site,available,,,high,high,5,,,,
6dc0edaa-14e5-455d-8e9c-9002444d2842,rida.site,available,,,high,high,4,,,,
e36141fe-d092-4308-bd3d-88daf06bcbc7,teleprompter.site,available,,,high,high,12,,,,
cd3712fd-8575-4023-9919-396ab748e31d,withheld.site,available,1.18,15.28,high,low,8,spaceship,,,30/09/2026 22:34
b3c902df-4d7a-4fd7-a87b-21aa6ff35061,jerrycan.site,available,,,high,high,8,,,,
d03bfad3-3eaf-4bc9-a251-b463177eb8fe,identikit.site,available,,,high,high,9,,,,
5b43f3f2-e6bb-4d6f-acd6-56332e7f54cd,tannin.site,available,,,high,high,6,,,,
a49f7ab6-4cf0-4565-9897-38fa24bc7951,spiraea.site,available,2.99,38.5,medium,low,7,namesilo,,,20/09/2026 17:28
8197c6f6-be6c-4dd5-8350-b4f9565c7586,tampons.site,available,,,high,low,7,,,,
c6fb552c-0c97-4f24-b48e-fe9026f04278,outwear.site,premium,78.12,312.5,medium,low,7,name.com,,,13/09/2026 09:15
1adf7c27-fd99-4269-8b01-d40f50ff1cfa,warthog.site,available,,,high,high,7,,,,
7fa1b46f-9ee0-433b-bbf8-26f27b0b47b2,ironing.site,available,,,high,high,7,,,,
1d9952a0-9fb1-4f67-bd9a-200c4e015132,carbonara.site,premium,302.5,302.5,high,low,9,namesilo,,,24/09/2026 12:47
a393eb94-1ac0-45e6-b6c2-be557549d4cf,recreation.site,premium,3450,3450,high,low,10,namesilo,,,24/09/2026 23:18
6dbe63eb-c38c-4172-a7dc-b366c351f6d3,asunder.site,available,,,medium,low,7,,,,
5c82ae72-17d9-490b-a454-061fe888a6b3,lactating.site,available,0.98,31.98,high,low,9,namecheap,,,22/08/2026 18:18
8d96e8d5-3f48-4c77-8619-47821f63a06e,entrepreneurs.site,available,,,high,low,13,,,,
25322eef-638e-4741-8c3b-673b3db55208,rudiments.site,premium,302.5,302.5,high,low,9,namesilo,,,22/09/2026 10:41
c0a8e288-a6d9-402b-968c-544b3b8479f8,zeal.site,premium,640,640,high,low,4,namesilo,,,20/09/2026 03:17
72d2fa4e-cbbf-4e5d-8ccd-2201ec8aa5c5,conjoint.site,available,,,high,low,8,,,,
c0a81b60-8c6f-47b8-a8d9-1ec8a0bafcc1,naco.site,available,,,high,medium,4,,,,
f2fda692-635d-4af0-8f8a-31af0561aa75,pigs.site,premium,302.5,302.5,high,low,4,namesilo,,,25/09/2026 15:51
26809eec-2c90-4ebe-8b15-8a20f8b02de6,reliable.site,premium,2500.2,3450,high,low,8,unstoppable,,,29/09/2026 13:47
73f9c806-ffd0-4278-bbfd-036819b2686d,discretion.site,available,2.99,38.5,high,low,10,namesilo,,,24/09/2026 15:03
b2265205-c69a-46b0-8979-f16c70633146,pompey.site,available,,,high,high,6,,,,
8cbb0edb-d06c-4841-b4f3-65e559a18aed,cooperating.site,premium,250.2,,high,low,12,unstoppable,,,30/09/2026 07:38
6a0c8903-b6b8-41f2-a08b-363005402731,mainiot.site,available,,,high,high,7,,,,
55696243-52c2-44e5-a089-996d9b98f2db,chuckling.site,available,,,high,high,9,,,,
077ff6ee-e801-4122-8d03-ea75e9ff66d3,hedonism.site,available,,,high,high,8,,,,
a91a205b-6a2c-46c3-87bd-a6711ee7246f,convincingly.site,available,,,high,high,12,,,,
4fe95b1d-f820-4f4d-9fbd-020639da921a,keypresses.site,available,0.98,31.98,medium,low,10,namecheap,,,18/09/2026 22:01
c0b3f497-9b77-4cc6-b6bd-084974323f08,allegoric.site,available,0.98,31.98,high,low,9,namecheap,,,
88e2712d-3b1f-4c1a-9c80-f53f30a2d56d,lowering.site,available,0.98,31.98,high,low,8,namecheap,,,25/09/2026 15:28
a801641b-c4cd-4bc8-b428-55e03c8122f3,banjul.site,available,2.99,38.5,high,low,6,namesilo,,,22/09/2026 02:12
f392b305-6892-4d8d-9d80-05cb88a73676,ranted.site,available,2.99,38.5,medium,low,6,namesilo,,,20/09/2026 16:55
91df9104-043d-4031-a02f-54dffe0b132d,wallachia.site,available,,,high,high,9,,,,
9e721149-5ea8-4568-975e-1ab2b102907b,rosamund.site,available,,,high,high,8,,,,
f777847a-a02d-4dea-bffa-421320c56afc,cockcrow.site,available,0.98,31.98,high,low,8,namecheap,,,11/09/2026 02:11
1c5dda70-307d-4f5d-8521-66f7c22c4c2a,blemished.site,available,0.98,31.98,high,low,9,namecheap,,,10/08/2026 14:12
a7bd34b7-8b4f-499a-a05b-88006ac0170d,alexis.site,premium,640,640,high,low,6,namesilo,,,19/09/2026 02:23
e3992f7c-5b67-40ee-a332-55125af42f32,bleeding.site,available,0.98,31.98,high,low,8,namecheap,,,24/09/2026 05:28
c4a36636-a135-4274-95b1-0a09f922a513,pennsylvanian.site,available,,,high,high,13,,,,
a92b3dea-3918-46a0-9b4b-bb969117e7d8,boba.site,available,,,high,high,4,,,,
c8782f40-d1e5-4d4f-8dc0-f23a7f7aa7c3,looker.site,premium,78.12,312.5,high,low,6,name.com,,,22/08/2026 16:48
40a2a956-b999-40ef-9614-7767d886620b,imbed.site,available,,,high,high,5,,,,
e21b98e5-903a-4e53-96d0-b2797be2a0ee,endicott.site,premium,68.75,275,high,low,8,dynadot,,,30/09/2026 01:32
01ee9975-6f06-4a0e-a4f7-cca633923b80,multiplayer.site,premium,156.25,,high,low,11,name.com,,,
19465341-991f-4d79-be17-a17651f9efc0,pioneered.site,available,,,high,low,9,,,,
fd12f24f-ad8b-4206-9813-a986edb77e88,lox.site,available,,,high,high,3,,,,
a381e8a5-b1b7-488e-9701-5fc66b1c2500,suchlike.site,available,0.98,31.98,high,low,8,namecheap,,,11/09/2026 01:00
82ec7d75-6430-46e9-84e8-057aadf2dc16,asthmatic.site,available,2.99,38.5,medium,low,9,namesilo,,,22/09/2026 10:23
cdb1b349-6e09-458d-a23d-157797d2759c,confidente.site,available,,,high,high,10,,,,
9234c454-50e0-4d81-b1d5-58b53463b359,reticulated.site,available,,,high,low,11,,,,
ecbe5fe4-1e12-45d6-b3a5-89ddab54a47e,spouse.site,premium,302.5,302.5,high,low,6,namesilo,,,23/09/2026 11:39
d532803c-37e5-4166-8bb7-dbb608f887c2,tenbagger.site,available,,,high,high,10,,,,
21296aa6-9885-42fd-94fb-ea2a81ccdf77,annelid.site,available,0.98,31.98,medium,low,7,namecheap,,,
6186cd1b-9720-4b01-b27f-558ff753780c,clovis.site,premium,68.75,275,medium,low,6,dynadot,,,29/09/2026 00:26
28314184-f241-4471-bd67-e1733924f630,modem.site,premium,137.5,550,high,low,5,dynadot,,,30/09/2026 04:48
a7661d0f-b821-4f35-942f-55611fc198da,shanxi.site,available,2.99,38.5,high,low,6,namesilo,,,30/09/2026 13:24
8b360f3f-6602-493c-9fa7-aa8466f06061,scab.site,available,2.99,38.5,high,low,4,namesilo,,,24/09/2026 02:52
26dc3558-7398-4f8e-99b7-e45fce2c8e89,bloxwich.site,available,,,high,high,8,,,,
4bedef59-01d7-41f8-9ca5-6cf0e3ad887a,coloane.site,available,,,high,high,7,,,,
34717e5c-4ce8-45a7-bc25-5b914b26938e,differs.site,available,,,medium,low,7,,,,
dacb2ae8-47cf-4722-95c0-4ec58e1ed6ff,keepalives.site,available,,,medium,low,10,,,,
feb67a0a-766f-4dbc-b78d-d146da5e3589,widening.site,available,,,high,high,8,,,,
5fcdf8ff-5a9a-442f-867c-003c37fd4588,subscriptions.site,available,,,high,medium,13,,,,
c24d81a3-9775-459b-933e-0cb8c0b69e7b,letup.site,available,2.99,,high,low,6,name.com,,,
81ad6db1-64ba-4ded-9c0b-407022638155,pay.site,premium,2587.7,10350.2,high,medium,3,spaceship,,,30/09/2026 06:27
5af36ba1-d107-4c72-89b7-c7d2c59e85c8,sole.site,premium,258.95,1035.2,high,low,4,spaceship,,,27/09/2026 23:42
2d102111-4d81-43bf-9e5b-9f0cdd4aa9de,bargain.site,premium,1000.2,,high,low,7,unstoppable,,,29/09/2026 01:09
d6e59c1b-6e6f-4033-a6d5-84ee20e8bfbf,positional.site,available,0.98,31.98,high,low,10,namecheap,,,09/09/2026 00:06
d7abc23b-36ff-4619-83a2-82e61444b70e,assail.site,available,0.98,31.98,medium,low,6,namecheap,,,20/09/2026 15:49
3f21870a-e98b-40af-90da-199f9da6ba2d,gazing.site,available,1.18,15.28,high,high,6,spaceship,,,01/10/2026 02:18
377a3711-b164-43d8-8349-8f65064fb73a,shrunken.site,available,0.98,31.98,high,medium,8,namecheap,,,10/09/2026 06:58
41c729c2-885f-42f1-a036-7763b16ae135,phoebe.site,premium,78.12,312.5,high,low,6,name.com,,,
5098b740-14c8-4922-9c1a-3190b2a0ac0e,thugs.site,premium,250.2,,medium,low,5,unstoppable,,,30/09/2026 15:25
8e651600-5a66-45e8-af2a-032fc0554f34,hanson.site,premium,1107,1107,high,low,6,namesilo,,,25/09/2026 13:05
74f42b46-6762-471a-a793-06700e9fc3f2,vaudeville.site,available,,,high,high,10,,,,
f0424bb6-b6a5-4a7a-8046-d12bb252bef5,debar.site,available,2.99,38.5,medium,low,5,namesilo,,,22/09/2026 03:43
edc17e59-cd85-4c13-956e-4896416e8b75,sixteenth.site,available,0.98,31.98,high,low,9,namecheap,,,
38215f5f-14a9-465d-a46b-e5e35fc1768d,audiologist.site,available,,,high,high,11,,,,
fe8100cf-147f-44bf-a56f-928d44345a2c,enrich.site,resell,,,high,low,6,West263 International Limited,24/12/2025 05:26,24/12/2026 23:59,30/09/2026 19:11
81e27b65-788c-4be1-87eb-56eb0a5edb4d,din.site,premium,312.5,1250,high,low,3,name.com,,,10/08/2026 13:17
c9a4ce10-0cc0-4dbf-8c8c-bad2f01cf9dd,wil.site,premium,129.58,517.7,medium,low,3,spaceship,,,28/09/2026 21:44
b4b90db7-e360-47ea-a7b0-47afd9dce115,churchman.site,premium,78.12,312.5,high,low,9,name.com,,,14/08/2026 23:29
a04d8a97-4bf8-4fb6-9a23-6936711ee5d3,technomedicine.site,available,,,high,high,14,,,,
489538dd-d3f8-47ce-ae0e-f1d7ce2dc699,explicitly.site,available,0.98,31.98,high,low,10,namecheap,,,14/09/2026 17:07
755ee447-9b05-4961-a463-a41694c5d96a,niqaab.site,available,,,high,high,6,,,,
61066535-9051-4c9e-b3fa-e2bd69b34b07,wts.site,available,,,high,high,3,,,,
2fc82dda-9730-4545-bb19-bbc58a6a55a0,ardennes.site,available,2.99,38.5,high,low,8,namesilo,,,20/09/2026 03:09
b124a6be-a84f-42bf-8414-8eda0dd14035,sinkable.site,available,0.98,31.98,high,medium,8,namecheap,,,10/09/2026 08:30
adda6da3-d98d-4e03-b92e-c7468ff05809,subdivides.site,available,,,medium,low,10,,,,
1a173ea6-0908-49f9-8ec9-44000b546234,cdc.site,premium,3450,3450,high,low,3,namesilo,,,25/09/2026 22:11
f54f39fd-23cb-4ccf-87d6-4fff09221977,veal.site,premium,640,640,high,low,4,namesilo,,,30/09/2026 14:19
0ce0b9a2-3cdb-4d71-a6a2-ad6d9929c3ee,emett.site,available,,,high,high,5,,,,
bfdda7c7-a674-4ac1-99ac-71f7d7b64200,parlance.site,available,2.99,38.5,high,high,8,namesilo,,,25/09/2026 12:44
28b0f33e-1017-4817-a7e3-4bbff82f7a18,troupe.site,available,,,high,high,6,,,,
6ed88092-4ade-4258-945b-7f6941d04160,motherlike.site,available,0.98,31.98,high,low,10,namecheap,,,25/08/2026 07:04
63950b54-4940-4597-8c97-457b473d77fc,luncheon.site,available,1.18,15.28,high,low,8,spaceship,,,29/09/2026 13:43
d7779787-eaa1-4bcb-b35a-3ba22a974cf6,germans.site,premium,640,640,medium,low,7,namesilo,,,27/09/2026 03:03
0cb9b856-b441-41fd-9989-26967a1fba41,hypeman.site,available,,,high,high,8,,,,
e4e18f08-19d7-4595-898c-94d14c500df4,maneuvering.site,available,,,high,high,11,,,,
000f1f57-d3b1-4fb4-b3a9-4a6ed47fbda2,capitation.site,available,,,high,high,10,,,,
0aaae717-f654-4ebd-b0a5-2083b2e2f5d1,brownsmith.site,available,,,high,high,10,,,,
f770109b-5827-47ed-b541-ab81f26c5407,pepsinogen.site,available,,,high,medium,10,,,,
67055398-4a91-4564-8104-9cdc85a9519c,summit.site,premium,3450,3450,high,medium,6,namesilo,,,25/09/2026 19:43
ade1e09d-54ec-46c6-8969-bad9efa13a69,electric.site,premium,6900,6900,high,low,8,namesilo,,,24/09/2026 13:44
84df6f29-5313-4409-a061-1732982d5cea,injected.site,available,0.98,31.98,medium,low,8,namecheap,,,29/09/2026 10:57
b2fd573f-b48d-4ce5-ab0a-da8005ba9ceb,globe.site,premium,3450,3450,high,low,5,namesilo,,,28/09/2026 01:49
d92bfe89-adcc-4c9b-abe4-8bb68b133aeb,pickford.site,premium,302.5,302.5,high,low,8,namesilo,,,01/10/2026 02:18
4744c417-91a1-439f-bf5f-5dc477943468,postvote.site,available,,,high,high,8,,,,
24b8ac9b-6c99-44a6-b47d-9b4012066148,mythologic.site,available,0.98,31.98,high,low,10,namecheap,,,03/09/2026 12:33
dc3577ad-e65b-44e4-8caf-2b2c8d653e9a,hydroxy.site,available,0.98,31.98,high,low,7,namecheap,,,21/08/2026 16:25
595ca971-3467-4404-bc76-5ccdb9d1d2e4,mink.site,premium,68.75,275,high,low,4,dynadot,,,01/10/2026 03:00
87f9aac6-3de7-456a-853e-40ff7383d875,fraternal.site,available,0.98,31.98,high,low,9,namecheap,,,10/08/2026 03:44
12dfc3a0-5c9a-46db-aa5e-df210aebf649,fueldraulic.site,available,,,high,high,11,,,,
59b3a6e0-9338-4635-905f-1eeba1fb304e,legalise.site,available,0.98,31.98,high,low,8,namecheap,,,22/08/2026 23:07
bf31e026-e2d5-4eef-a09f-a2b94d0f4510,snowblower.site,available,,,high,high,10,,,,
844943bd-ff7d-4615-8dfd-2a99a6476200,currant.site,available,,,high,high,7,,,,
b9317e30-73d4-4aa1-8f3f-5cdd0087d67b,ballotades.site,available,,,medium,low,10,,,,
c9d5678e-ab17-4889-bb6c-6cbfb50bbdd9,sheepherding.site,available,,,high,high,12,,,,
8963bafa-be51-41fd-bdf1-4945be521e4b,emmerson.site,available,,,high,high,8,,,,
efc71481-cf40-49bd-9558-8ebb6f85dfae,fung.site,premium,64.89,258.95,high,low,4,spaceship,,,30/09/2026 12:28
dbb37d87-eae9-4045-a58d-da61a0fa8dd6,flecked.site,available,0.98,31.98,high,low,7,namecheap,,,14/08/2026 16:30
cd37e56d-4bf8-42fb-b134-36fbd2fc2298,styling.site,premium,325,1300,high,low,7,namecheap,,,17/09/2026 18:14
ac73111d-7559-4cb0-962e-0c19e00189e8,croydon.site,available,,,high,high,7,,,,
6525aea7-9e5d-457a-9ce2-bb5ef1dea7a9,sari.site,available,,,high,high,4,,,,
3dd3f5ff-6711-480a-b299-143a7af1266d,customerize.site,available,,,high,high,11,,,,
378fcc09-849c-4a10-b614-25dc8db61ef7,copying.site,premium,136.98,546.35,high,low,7,porkbun,,,30/09/2026 01:06
c2c3a198-9dfa-4a28-a0ef-a84ab7c8fc5a,ereading.site,available,,,high,high,9,,,,
b635d224-f2bb-4a2f-9113-9c62910a6b3e,christopher.site,premium,302.5,302.5,high,low,11,namesilo,,,25/09/2026 13:15
1d4fdcb8-69d5-4533-b9c6-7863aff8ef40,ecological.site,premium,137.5,550,high,low,10,dynadot,,,29/09/2026 21:02
103934a4-a5cd-4ae7-ad75-bbd2fa8f440c,remedial.site,available,2.99,38.5,high,low,8,namesilo,,,22/09/2026 02:24
86ec0b7e-f65d-4aa7-a454-0d60c699b3ff,anime.site,premium,812.5,3250,high,medium,5,namecheap,,,19/09/2026 09:19
a8f54e66-59e2-4bd8-8c8a-813da8616531,erotically.site,available,0.98,31.98,medium,low,10,namecheap,,,14/09/2026 15:58
da223c27-62c1-4734-a3e5-7ce529598848,gingery.site,available,0.98,31.98,high,low,7,namecheap,,,18/08/2026 23:53
831eb98e-87e5-4ca1-bf63-47e016ef77f3,retro.site,premium,3450,3450,high,medium,5,namesilo,,,24/09/2026 15:44
df817929-ad2a-4db8-9436-4cc7cdfbffb4,throats.site,available,2.99,38.5,medium,low,7,namesilo,,,20/09/2026 08:21
94f0ba59-c043-4ee1-9428-cd22acb149ed,sugaring.site,available,,,high,high,8,,,,
859c796c-d3a6-4923-a4ed-bbc224119a21,natron.site,available,,,high,medium,6,,,,
4d1c9ff5-f98d-4ed0-b6ce-1cd9ef92df27,contributed.site,available,1.18,15.28,medium,low,11,spaceship,,,29/09/2026 17:13
05dc33dd-1331-4e20-a1c6-f497bc3566aa,thanks.site,premium,640,640,high,low,6,namesilo,,,30/09/2026 13:13
28195d5f-8c81-40d0-bbb9-3ba1cd3e09d0,ferrybridge.site,available,,,medium,low,12,,,,
48343cbf-b4fe-46a4-adcb-d1286e1cb312,bradbury.site,premium,250.2,302.5,high,low,8,unstoppable,,,28/09/2026 13:35
6f71b16a-46f2-491f-9652-15d18be56894,chaise.site,available,,,high,medium,6,,,,
69cd47de-82fb-47c3-93d9-67ba92eb77a9,determiners.site,available,,,medium,low,11,,,,
4195702b-9e61-4ee1-bf4a-5506b03b0b9f,starshine.site,available,,,high,high,9,,,,
f0225f11-fa9e-4aa7-8fce-3175b45063d0,reginan.site,available,,,high,high,7,,,,
db652a44-8d54-45b1-a789-6f5028627831,geisha.site,available,,,high,high,6,,,,
aa85c8b4-4986-4a0c-8660-bb3b8b913e20,start.site,premium,3450,3450,high,medium,5,namesilo,,,27/09/2026 04:39
cde70769-defc-4ee8-a970-988f8f2a6ffe,dinnerware.site,available,37,,high,high,10,unstoppable,,,01/10/2026 02:16
eb924cae-e2db-401a-8eaa-e74f27437f96,waterskin.site,available,,,high,high,9,,,,
1c515e3c-3969-4cbf-83d9-7dbab475fdda,blaming.site,available,1.18,15.28,medium,low,7,spaceship,,,28/09/2026 18:00
e48efb30-8818-4ab9-a948-508a39de8470,facies.site,available,4.99,27.7,medium,low,6,cloudflare,,,29/09/2026 04:47
b989f6b9-6253-4c66-b629-f1210266dc7a,cookshop.site,available,2.99,38.5,high,high,8,namesilo,,,01/10/2026 02:16
eb5da46c-0932-4c04-9834-5b8ec3fe1c99,splodges.site,available,,,medium,low,8,,,,
db52f7d5-a1bd-4aec-92ea-87a763cff776,ironheads.site,available,,,high,high,9,,,,
9c75f0e3-759f-42ef-88c0-8efa38ae62b7,tessellated.site,available,,,high,high,11,,,,
e9e2303e-0a86-4de3-b274-75be86e1a0e2,date.site,premium,6900,6900,high,low,4,namesilo,,,29/09/2026 13:13
63f78c30-b559-4c8d-b018-a65c46b68c61,airdock.site,available,2.99,38.5,high,low,7,namesilo,,,17/09/2026 23:04
851bfe2c-c9f6-4e40-b126-9bc853b23212,backer.site,premium,302.5,302.5,high,low,6,namesilo,,,21/09/2026 15:26
d525ed49-c027-469f-a3e7-9b0ba295538a,gumdrop.site,resell,,,high,high,7,,,,01/10/2026 02:19
f3fb802d-297e-472d-9ca5-80c641298700,standhill.site,available,,,high,high,9,,,,
48acbac5-7ae7-43e6-8aaf-d2a284891a59,arithmetically.site,available,,,high,high,14,,,,
7d343d5b-f0a7-4e26-94af-0a0ac7ed12cc,strengthened.site,available,,,high,low,12,,,,
c11ee7a7-911c-49d1-b422-5aa4a2769ea0,elliott.site,premium,81.25,325,high,low,7,namecheap,,,25/09/2026 21:06
0c02b517-e6d4-46c8-9208-060b3108f4b0,duc.site,available,,,high,high,3,,,,
20dba61d-2251-4f85-a0c3-31bb16b8ba03,imagine.site,premium,2500.2,,high,medium,7,unstoppable,,,29/09/2026 21:41
ba095f8a-7845-4c07-9103-1de21e33c495,rotted.site,available,0.98,31.98,medium,low,6,namecheap,,,13/08/2026 21:01
9606266e-ce5c-47fb-bd31-f0d3f1c312be,fishfinders.site,available,,,medium,low,11,,,,
6277b249-197d-4ae3-8697-0f080e631fb0,storky.site,available,,,high,high,6,,,,
a0fc2a6c-97a7-4d4e-90da-cd2e6b866317,erbium.site,available,2.99,38.5,high,low,6,namesilo,,,20/09/2026 23:37
1d9a911c-f5be-4377-b2d8-c9c1a02cf0eb,blenders.site,available,,,high,medium,8,,,,
b4eebbcf-380a-46a0-9e9a-b75e92d2058f,hellcat.site,available,,,high,high,7,,,,
ff8f6d92-3f7b-49d0-a260-347d858ad10a,adherence.site,available,2.99,38.5,high,low,9,namesilo,,,17/09/2026 07:58
cc2400c8-82ba-4e93-8a8d-1d47eb433a81,inn.site,premium,1107,1107,high,low,3,namesilo,,,21/09/2026 02:28
1147bb0e-da0b-41b3-8147-a00b667d37b6,leapfrogs.site,available,,,medium,low,9,,,,
a84959f1-f658-4447-8390-55c3a28ea02d,elza.site,available,,,high,high,4,,,,
3e24378f-1e5f-4864-93c7-cdd147991181,ribbing.site,premium,81.25,325,high,low,7,namecheap,,,11/09/2026 10:01
667bae38-4700-4bb8-b793-3a5e9404ff34,aeration.site,available,0.98,31.98,high,low,8,namecheap,,,17/09/2026 12:46
10cd8025-5e8d-47f8-8fce-426b599a5499,tourists.site,premium,640,640,high,low,8,namesilo,,,18/09/2026 07:30
daac50be-14aa-4d68-bc66-12c52c93bded,plaice.site,available,,,high,high,6,,,,
f8da712f-69a2-4a47-ae14-ed7078eba128,payables.site,available,,,high,high,8,,,,
7ac27aa7-4ac2-4751-8b4d-d5475412a3a2,fungicide.site,available,0.98,31.98,high,low,9,namecheap,,,
14cc69b2-474a-4e6c-8969-6c7678cb46f9,maidens.site,available,,,high,low,7,,,,
3a68ab3c-5dd4-4bd4-a216-c6c0454fe625,eassessment.site,available,,,high,low,12,,,,
5d7f4889-287d-4019-8a0c-8f58f9792f6c,stilt.site,available,2.99,38.5,high,low,5,namesilo,,,21/09/2026 04:51
d3aa8df1-9e6d-407a-9950-c03b8c376a81,delible.site,available,0.98,31.98,medium,low,7,namecheap,,,14/08/2026 00:35
8b0829ab-2b07-4639-b802-7292a94fb5ab,moline.site,available,,,high,high,6,,,,
218745df-2ce9-4b1e-9270-11a384ab4cb3,jaunter.site,available,,,high,high,7,,,,
60e127b6-02e3-4c1a-983c-a20d734d17a9,ferries.site,available,2.99,38.5,high,low,7,namesilo,,,20/09/2026 07:40
8c49db65-b4b6-4006-97ef-b87ba37004f6,derain.site,available,2.99,38.5,high,low,6,namesilo,,,19/09/2026 04:09
e62b7f0e-b1ba-4883-b35f-c4e520d731e9,groundlessness.site,available,,,high,low,14,,,,
cbcdc2c9-4e7a-44ae-86bf-b52f072a3879,differently.site,premium,302.5,302.5,medium,low,11,namesilo,,,26/09/2026 03:11
c306e713-f093-4cd2-b1c1-24db06b3fc03,poet.site,premium,162.5,650,high,low,4,namecheap,,,27/09/2026 06:14
e97abf5b-42a8-4330-b079-0fbaf02df36b,wettingen.site,available,,,high,high,9,,,,
b17a70e3-3c1f-4983-a841-a9ee3136616f,hargreaves.site,available,,,high,high,10,,,,
d7a992be-8749-4e94-b688-a4f7a5a7d8b8,audition.site,premium,1107,1107,high,low,8,namesilo,,,21/09/2026 03:09
d4fc56ce-2320-4ed9-af9e-228ce5682ee9,federalisation.site,available,,,medium,low,14,,,,
3e2d46b8-ed83-44e0-b6a0-a41ced7ffba4,route.site,premium,325,1300,high,low,5,namecheap,,,25/09/2026 07:52
df17bda6-c410-44c8-bfe0-6ae01fe451de,fungoid.site,available,0.98,31.98,medium,low,7,namecheap,,,18/08/2026 18:37
9ade91be-8e02-4317-ae43-433336352d00,preponderantly.site,available,,,high,high,14,,,,
45876649-95f2-4220-9689-8e254faa133a,animalculistic.site,available,,,medium,low,14,,,,
95fa4e92-3e4e-4885-8f3f-83d0b3db041e,cabs.site,available,,,high,medium,4,,,,
7745c66b-cf29-4b6f-add4-fcba7adef80b,conjunction.site,available,2.99,38.5,high,low,11,namesilo,,,
27165349-e052-400e-926f-d6495dd12b84,hydrated.site,available,0.98,31.98,high,low,8,namecheap,,,21/08/2026 16:16
b32c9307-2b13-41f0-8dd8-249b44e8fe2d,cruets.site,available,,,medium,low,6,,,,
facdb357-ed27-4f26-b02d-957c9160ed12,introductory.site,available,2.99,,high,low,12,name.com,,,
924aee45-9838-40f5-81e5-65645221a1b1,kicker.site,premium,250.2,302.5,high,low,6,unstoppable,,,30/09/2026 17:48
833d300f-e362-4da6-9c2a-671e94796bdc,vcu.site,available,,,high,high,3,,,,
3f6fd81a-d1db-46e5-abd8-9213bb0bb29f,traversing.site,available,,,high,high,10,,,,
484134c6-f273-4a05-ab1f-cd29365bc498,obamabot.site,available,,,high,high,8,,,,
e092a75f-057b-4bc1-b046-0c196564fd8f,skene.site,available,,,high,high,5,,,,
adc90cdd-13a3-4789-9a88-f2fc3cac31bf,impulsive.site,available,0.98,31.98,high,low,9,namecheap,,,11/08/2026 01:34
2ce7a7e7-d182-4934-97dd-bfc4fea99b74,salving.site,available,0.98,31.98,medium,low,7,namecheap,,,14/08/2026 01:40
8c706d97-eb1f-49e3-9243-e9bdaf471b55,yogourt.site,available,,,high,low,7,,,,
8aefdf89-40f3-422e-bb89-003af7aa095a,silla.site,premium,64.89,258.95,high,low,5,spaceship,,,30/09/2026 21:36
a008b868-3f9c-4d0c-ae55-d9324192e1ea,blackboards.site,available,,,medium,low,11,,,,
49221cd7-7ec0-48c1-a247-e19ae0a90a9a,cacophonic.site,available,0.98,31.98,medium,low,10,namecheap,,,11/08/2026 12:33
971a3f9c-c078-4cef-98ac-bb87f99c4c86,hid.site,premium,812.5,3250,medium,low,3,namecheap,,,26/09/2026 03:17
be689aa1-57fb-447b-be41-3532b5634348,whitetip.site,available,,,high,high,9,,,,
a4b4a83f-b822-429b-be16-310f2f98a052,zimbabwe.site,available,,,high,high,8,,,,
6608787e-7b50-4cb1-b9f9-2e29d7263e78,penalty.site,premium,302.5,302.5,high,low,7,namesilo,,,27/09/2026 04:58
8b98ed0c-14fb-44d4-a0b3-21278780c298,logrolling.site,available,0.98,31.98,high,low,10,namecheap,,,23/09/2026 20:50
65ec4345-3ee5-4d81-8d47-dfef6c0ba087,mathews.site,premium,302.5,302.5,medium,low,7,namesilo,,,27/09/2026 01:56
824dda75-c9df-4fe3-947b-2a10841de36d,ssr.site,premium,1107,1107,high,low,3,namesilo,,,25/09/2026 12:03
d4491211-079a-4ce2-b8da-e2c362794646,brigid.site,available,,,high,high,6,,,,
7ae28f1a-c062-4fa1-99c3-a1acccacecb1,proteins.site,premium,325,1300,high,low,8,namecheap,,,08/09/2026 07:13
d560c089-7238-42d9-a324-3fd8f4085653,pauses.site,available,,,high,low,6,,,,
8d49c436-c403-49b9-a28e-30c8cf68b2aa,handwheel.site,available,,,high,high,9,,,,
d90cd24e-8819-4ac4-94a0-a9ed01dc87fe,voltage.site,premium,640,640,high,low,7,namesilo,,,29/09/2026 00:46
bfac2c2b-f3fe-48ab-a0de-0929191c97ce,elan.site,premium,640,640,high,low,4,namesilo,,,20/09/2026 03:17
514e070c-ccc8-40b6-bb12-bab7d9594838,minty.site,premium,78.12,312.5,high,low,5,name.com,,,25/08/2026 00:53
e15a176e-daab-45a8-9544-3333516142ab,beforehand.site,available,0.98,31.98,high,low,10,namecheap,,,09/08/2026 08:51
cf93f3e9-a72b-452d-bdee-a474fd359ebc,optative.site,available,0.98,31.98,high,low,8,namecheap,,,04/09/2026 16:54
ad3e1fad-586a-4e30-b7e6-9d83db2c90de,designerati.site,available,,,high,low,11,,,,
cef3365d-536d-4c87-96b8-0f9df6ff3be0,clop.site,available,0.98,31.98,high,low,4,namecheap,,,15/09/2026 20:47
e83f88b5-16ce-4df1-8a35-41ffce98f708,centimeters.site,available,4.99,27.7,medium,low,11,cloudflare,,,29/09/2026 17:55
35d899a3-ec8a-4831-bdbc-b9144203b131,amenra.site,available,0.98,31.98,high,low,7,namecheap,,,18/09/2026 18:32
ee9dec57-d73f-4fa6-9ea6-b0ad3f7cbd97,recusant.site,available,0.98,31.98,medium,low,8,namecheap,,,14/08/2026 12:28
25d4119e-58f3-4a12-b871-d1534b4b1c80,grizzled.site,available,0.98,31.98,high,low,8,namecheap,,,20/08/2026 20:11
600e3635-e31f-4f4e-9dd6-35c6f681f6b9,bouse.site,available,,,high,high,5,,,,
8769594f-0a2f-437a-b320-4cca1eb2679c,maguey.site,available,2.99,38.5,high,low,6,namesilo,,,17/09/2026 16:37
60ad9ec1-b39f-4fc3-a04f-07531d68ea73,region.site,premium,258.95,1035.2,high,low,6,spaceship,,,30/09/2026 09:23
d902964f-e607-46fd-b755-77590cbd5e2b,injure.site,available,2.99,38.5,medium,low,6,namesilo,,,28/09/2026 11:07
af17da5a-d8f7-45fe-9f42-278b2efe5c5f,abyssinian.site,available,0.98,31.98,high,low,10,namecheap,,,16/09/2026 19:54
c5534678-86c2-4b1b-9ada-88572e3ea372,layperson.site,available,0.98,31.98,high,low,9,namecheap,,,10/09/2026 01:26
cef1bfd2-8721-49a0-8a18-20c4b7b2f12c,proscribed.site,available,0.98,31.98,high,low,10,namecheap,,,18/08/2026 11:01
b412fb9f-8be1-4e67-ad72-0f7b298d25a4,kinglike.site,available,0.98,31.98,high,low,8,namecheap,,,22/08/2026 16:19
d1ce1ae7-8991-4138-ab85-e216c51c296b,gortyn.site,available,,,high,high,6,,,,
3e8fd990-59ab-431d-a2fa-da02d41e115e,magnanimously.site,available,,,high,high,13,,,,
045ee3b0-659c-4644-81cd-c60034a5dee4,esecurity.site,available,,,high,high,10,,,,
8a543fa5-bcf8-4a17-9a2d-ae86ba24d70a,promoters.site,available,,,high,low,9,,,,
8cbf4c69-746d-4b6f-8514-55d8a4ddf3f6,moshe.site,premium,64.89,258.95,medium,low,5,spaceship,,,28/09/2026 12:12
2bd69645-b8fb-4109-8380-28e9c920fae6,asis.site,available,,,high,medium,5,,,,
19bb96a0-19ba-4469-aa7d-0fcb1c53fd80,aspidistra.site,available,2.99,38.5,high,low,10,namesilo,,,20/09/2026 15:15
273d973e-a818-49b4-999c-d868fc74841c,judgeship.site,available,,,high,high,9,,,,
1971ca37-ed29-4103-b8ab-e63d51056fbb,caving.site,premium,78.12,312.5,high,low,6,name.com,,,
3976ccbf-08e2-411d-9ce8-5d9c5a2990ee,insisted.site,available,2.5,26.97,medium,low,8,dynadot,,,27/09/2026 23:35
1f6a2f62-c00e-4687-b480-5e5a956bb219,downfield.site,available,0.98,31.98,high,low,9,namecheap,,,14/08/2026 17:39
d19a370d-d30b-465a-8ddc-4a1c99744a5c,metropolis.site,premium,3450,3450,high,low,10,namesilo,,,30/09/2026 01:03
58547f5b-b3e8-4e96-af5f-8f0c85cce689,clastogenic.site,available,,,high,low,11,,,,
38788dfb-d7da-4094-b120-2141564f2f45,anosmia.site,available,0.98,31.98,medium,low,7,namecheap,,,19/09/2026 11:51
d89283d2-d465-4f2a-80fc-2bb775e27d1e,desiccant.site,available,,,high,high,9,,,,
8750c8d9-b471-4b93-976c-d236d8843f42,hamiltonian.site,available,,,high,high,11,,,,
686b519b-cd7c-43b4-b478-b4ebda5386f5,seventiethly.site,available,,,high,high,12,,,,
3355960b-62fc-4208-9986-376ebdff8874,superfecta.site,available,,,high,high,10,,,,
233a017c-18dd-4655-9711-afb360b4eab6,melburnian.site,available,,,high,high,10,,,,
811d50f2-a14d-45ed-b6f8-f661d5943f2f,projections.site,available,2.99,38.5,medium,low,11,namesilo,,,30/09/2026 06:43
86f7c3e2-ffe8-44ab-a09b-1efa25fde286,lymphatic.site,available,0.98,31.98,high,low,9,namecheap,,,24/08/2026 12:33
1676e469-d0b0-4909-8d43-e54fede5d7ce,anglesey.site,available,2.99,38.5,high,low,8,namesilo,,,19/09/2026 06:27
ac74cf39-cd8b-4527-b00f-28d9d53927d5,mazaltov.site,available,,,high,low,9,,,,
671b5684-da8e-46c3-b789-0d17e8a960e6,zaftig.site,available,0.98,31.98,high,low,6,namecheap,,,13/09/2026 14:56
90b33832-da04-40c0-9091-0743b1b513f8,talks.site,premium,250.2,,high,low,5,unstoppable,,,30/09/2026 05:32
83c9611d-8f1a-4605-80e1-a6408374d252,orpine.site,available,0.98,31.98,medium,low,6,namecheap,,,24/08/2026 07:58
16624c53-5c5c-4fba-85c3-4aaa9da90cab,penned.site,available,,,high,low,6,,,,
41a7dbc2-6804-45d5-925b-7a1f405fc4b8,queensland.site,premium,1107,1107,high,low,10,namesilo,,,25/09/2026 10:12
45708169-a8e4-41f1-bc39-06ef6d6062fb,greatens.site,available,,,medium,low,8,,,,
fdd3117e-68c1-4205-bcf2-9f951c172356,zane.site,premium,162.5,650,high,low,4,namecheap,,,29/09/2026 04:01
be121450-bf0d-4f0a-a29b-85c8a18d9f0a,bilinear.site,available,,,high,low,8,,,,
7fa1a2db-7c49-4898-9cc4-257cbc8fc17a,acid.site,premium,312.5,1250,high,low,4,name.com,,,
6e49be81-614d-4f92-a086-0f802e256c18,twitches.site,available,,,medium,low,8,,,,
187fb5b2-8419-49f8-ac80-9e8a2278ecb3,frock.site,premium,78.12,312.5,high,low,5,name.com,,,14/08/2026 18:55
e0a7e35d-e350-4c70-b78b-26646370f95f,noseride.site,available,,,high,high,8,,,,
50691e84-628c-46f7-a297-902dc47dda1d,array.site,premium,302.5,302.5,high,low,5,namesilo,,,20/09/2026 08:50
7cbde18a-b009-4aa5-b1e8-f061b026305b,analgesic.site,available,0.98,31.98,high,low,9,namecheap,,,
72e8eed6-a08f-4841-b1f1-b6a5d2e3680f,whippoorwill.site,available,,,high,high,12,,,,
ff9fa857-ca74-4505-93b0-3d53ef71e084,conceding.site,available,,,high,high,9,,,,
eb5fd942-634b-46cb-b949-bb343de9542e,stave.site,available,,,high,high,5,,,,
b0da7fa9-92ae-4a96-97c0-456ab62b8456,jerky.site,premium,78.12,312.5,high,low,5,name.com,,,06/08/2026 22:03
b63a8ab2-1da3-49e9-b58a-ad53abef143d,shortages.site,available,2.99,38.5,medium,low,9,namesilo,,,21/09/2026 03:14
df2659d1-c2f9-4fb6-81d6-5b18f5519687,peerage.site,available,2.99,38.5,high,low,7,namesilo,,,22/09/2026 07:17
382db990-eadc-4c54-a11d-1b90f516ca17,anxiety.site,premium,3450,3450,high,low,7,namesilo,,,19/09/2026 15:59
1b4cc646-ac78-4ae9-80e1-6470c57e4827,nonclogging.site,available,,,high,low,11,,,,
8f611c40-43d5-4559-b0e1-f7ef7bf3a9db,occidental.site,premium,78.12,312.5,high,low,10,name.com,,,21/08/2026 07:25
c6eeb317-98b7-43d5-b006-5cdedaf7b784,specialist.site,premium,,,high,low,10,,,,28/09/2026 02:23
cfc0b20f-3ccb-4d95-bad2-e3db842f4edf,tristram.site,available,,,high,high,8,,,,
86628186-4c5e-409d-bc84-8a93f241a5fb,davenport.site,available,,,high,high,9,,,,
f682fd8d-c701-4f4d-9de4-2ad7b201eae8,nibbed.site,available,0.98,31.98,medium,low,6,namecheap,,,03/09/2026 16:57
3667b80a-e9d6-4aa9-b032-e9b6f9a9f4f1,yogin.site,available,,,high,high,5,,,,
7059ebba-8db8-43f4-bb62-9898e9293c7a,transitively.site,available,,,high,high,12,,,,
18418849-5c82-4943-9e3d-54f7eb7c5d00,pretorian.site,available,0.98,31.98,high,medium,9,namecheap,,,09/09/2026 01:00
df839158-f2c2-4555-bd05-74af0999bf48,colonize.site,available,,,high,high,8,,,,
a03e7c9f-393d-4442-8bee-9cea0084f66b,rhizopoda.site,available,,,high,high,9,,,,
91d3d843-75e5-4d9c-8f0a-2bb0b74d755d,reckoning.site,available,1.18,15.28,high,low,9,spaceship,,,30/09/2026 16:48
51b5975e-9052-4469-a827-117791600d00,duo.site,premium,812.5,3250,high,high,3,namecheap,,,24/09/2026 18:43
ebb1ca7b-e6b2-4098-8363-99596bd40cab,basics.site,premium,1107,1107,high,low,6,namesilo,,,29/09/2026 01:23
516a8b3e-ca40-4848-8c7d-e01bbb68fb5a,scythian.site,available,0.98,31.98,high,low,8,namecheap,,,10/09/2026 00:28
98a1177e-5b70-459c-9054-d481f1f77541,lapsing.site,available,0.98,31.98,high,low,7,namecheap,,,09/09/2026 16:15
3883f615-6959-4ee5-810e-21676d076325,optionally.site,available,1.18,15.28,medium,low,10,spaceship,,,28/09/2026 16:29
2dbcd667-1577-4f33-83f0-bef6b2942313,ecumenical.site,available,0.98,31.98,high,low,10,namecheap,,,15/08/2026 04:38
c0f563e5-e70d-4516-bd56-f3ff2f457649,bracket.site,premium,1107,1107,high,low,7,namesilo,,,19/09/2026 06:22
420ffe0d-80aa-4956-8b72-21f648969725,aragon.site,premium,302.5,302.5,high,low,6,namesilo,,,19/09/2026 23:42
5c0eb7bf-d1c1-4ac0-b85f-bcd1d7df929a,gone.site,premium,78.12,312.5,high,low,4,name.com,,,22/09/2026 10:48
84c3a7f4-f7f3-489a-8387-82e2a6864343,helpful.site,premium,781.25,3125,high,low,7,name.com,,,21/08/2026 06:37
788bf2e1-8607-4585-8b35-bb84c3e6182e,conferee.site,available,,,high,high,8,,,,
f2d8fb66-e2e8-4f15-912c-d810732af7b9,classicalization.site,available,,,medium,low,16,,,,
1a284637-5682-4f86-8692-a773d9218ad3,tightest.site,available,,,high,low,8,,,,
007cbcbf-7245-4b2f-b8f1-b6f65ad33778,glowingly.site,available,0.98,31.98,high,low,9,namecheap,,,14/09/2026 21:48
e9b333df-2b04-49d6-b243-70a4d36599f4,medusa.site,premium,312.5,1250,high,low,6,name.com,,,24/08/2026 19:13
49079f5c-0104-4cfd-9cc0-c505fd1df159,christmasy.site,available,,,high,high,10,,,,
cd38a239-dd92-4a13-adeb-fee724d30d25,atrovent.site,available,2.99,38.5,high,low,8,namesilo,,,21/09/2026 01:03
97bfe447-1401-429e-b189-1249b064f2ca,slates.site,available,,,high,low,6,,,,
7460feb9-4420-4807-a2ea-fe989969ca7a,boomer.site,premium,325,1300,high,low,6,namecheap,,,21/09/2026 13:18
43523c2e-2bc5-4e38-809a-2bd3a60e5927,glial.site,available,0.98,31.98,medium,low,5,namecheap,,,20/08/2026 14:24
fa9923ea-8ca8-487d-9d18-627de6abb808,woulda.site,available,,,high,high,6,,,,
28ed63a8-2549-4274-a996-8be0610d95c8,admissable.site,available,,,high,high,10,,,,
1a68d43a-81f3-42ce-b358-eb853251e6c6,elizabethville.site,available,,,high,high,14,,,,
84274ef3-8462-41fa-9d44-719bf4498028,herbivoral.site,available,,,medium,low,10,,,,
d9871132-c231-41ca-87a2-04dc6d2c27cb,hodgson.site,premium,302.5,302.5,high,low,7,namesilo,,,28/09/2026 04:09
131c4575-41eb-47e4-91d4-cfffe95be8f2,unscrewed.site,available,,,high,low,9,,,,
501e5c89-e6e9-47c6-a505-7bbfbc16b1f8,punting.site,available,,,high,high,7,,,,
fce55e8e-c134-4666-bfa0-12effb698f27,nuoro.site,available,,,high,high,5,,,,
05a222f3-a528-4e93-8d83-7a847e0a031d,downs.site,premium,,,high,low,5,,,,29/09/2026 09:11
6c1229b5-fbd0-48f6-919e-4c33d60916ec,amphitheater.site,available,1.96,28.84,high,low,12,porkbun,,,01/10/2026 02:33
ea0b31d5-4bcd-49a5-b897-a5b0d6373cd7,uppish.site,available,0.98,31.98,medium,low,6,namecheap,,,09/08/2026 20:46
92fb36ee-53c6-4a94-9b3e-68b08f863b5a,cantankerous.site,available,,,high,high,12,,,,
52605ad4-61fe-4081-a256-e7c034993123,cheque.site,available,2.99,38.5,high,low,6,namesilo,,,22/09/2026 02:22
92a48ae6-d4a1-4218-89a2-dd30b42e7072,inexpensive.site,premium,64.89,258.95,high,low,11,spaceship,,,01/10/2026 01:44
1541253f-fb3e-4ed9-9078-e4cb3285f4df,reminiscent.site,premium,64.89,258.95,high,low,11,spaceship,,,30/09/2026 11:29
149a77e2-2e84-4341-9c0e-051893ae3797,fotherby.site,available,,,high,high,8,,,,
94b551e7-12b0-4565-8e8e-ead914e12826,darkhan.site,available,,,high,high,7,,,,
ac05986d-0fe1-4d5b-b5cf-789029482be1,production.site,premium,812.5,3250,high,low,10,namecheap,,,19/09/2026 18:56
04c733fb-b161-4c40-95bd-0bc0642705d9,thicker.site,available,1.96,28.84,medium,low,7,porkbun,,,29/09/2026 16:25
38fe41f5-9c17-43ad-a20f-889aeb0c1e56,kielder.site,available,,,high,high,7,,,,
8e73a9a1-f7c2-488e-bf29-c37165291984,canadian.site,premium,6900,6900,high,low,8,namesilo,,,23/09/2026 12:40
a25d74e7-5558-47a3-992f-0104809a9813,mansfield.site,premium,81.25,325,high,low,9,namecheap,,,25/09/2026 08:08
61deeb54-1f8e-4abc-9ea7-170f4f2d515e,bacteriome.site,available,,,high,high,10,,,,
0d632512-fc94-4b87-90ee-4b5a0b3bba09,janissary.site,available,,,high,high,9,,,,
20d5baa1-f346-4a65-858a-2b45078a5b45,hallowed.site,available,0.98,31.98,high,low,8,namecheap,,,20/08/2026 22:52
84eb7124-9e31-4343-9a3a-d4c197f5da17,stickler.site,available,,,high,high,8,,,,
6601f7f2-efb9-4a5a-bb94-48522b2feaf5,lisbon.site,premium,647.08,2587.7,high,low,6,spaceship,,,29/09/2026 06:46
25041cd3-d449-40f9-b451-76d83ad5c34d,lucille.site,premium,250.2,,medium,low,7,unstoppable,,,28/09/2026 22:00
bab7bce3-d62f-484f-9538-6ac810c29f01,thrift.site,premium,3450,3450,high,low,6,namesilo,,,27/09/2026 03:24
7404b4db-fc9e-4695-baa3-bed4b4ef9227,untso.site,available,,,high,high,5,,,,
fa1ecbcd-2fd1-4a47-8126-5e5d12bcadc0,busch.site,premium,302.5,302.5,high,low,5,namesilo,,,27/09/2026 03:12
50b0c2b4-f6d5-4dec-bccf-d3f3df5f650c,doffs.site,available,,,medium,low,5,,,,
aaeae121-d7e4-4db0-9e05-2efa646983e6,survivalist.site,available,,,high,high,11,,,,
ce8d30ca-2a1d-4986-a1ac-d1c0c447e777,marriageability.site,available,,,high,high,15,,,,
04688de1-a480-4db1-b15e-1ddae5ecbb19,luxemburger.site,available,,,high,high,11,,,,
1038edbf-a7fb-43d0-8d49-369443042533,mahmud.site,premium,,,medium,low,6,,,,28/09/2026 22:18
81a4a2e2-61fa-476d-9d2e-f9a093377470,behaved.site,available,1.18,15.28,high,low,7,spaceship,,,30/09/2026 05:57
fc1b79a3-2816-430b-88c8-3fc07f037bd7,surgical.site,premium,812.5,3250,high,low,8,namecheap,,,11/09/2026 04:01
02a69fb1-cdbc-4085-b503-81b559794aff,shriek.site,available,0.98,31.98,high,low,6,namecheap,,,09/09/2026 23:53
93654419-6c1e-4009-bde8-8ae55d5245b1,revises.site,available,,,medium,low,7,,,,
13785be4-d000-4332-8662-44763b6272e5,agrimony.site,available,0.98,31.98,high,low,8,namecheap,,,17/09/2026 19:30
326a930d-6274-46d8-ad85-45770b3e2ada,tegular.site,available,0.98,31.98,medium,low,7,namecheap,,,11/09/2026 10:16
b0e05909-e58e-4410-84c9-249dd25eb55d,ionised.site,available,0.98,31.98,high,low,7,namecheap,,,22/08/2026 09:33
51a8a329-7801-4d6b-ae91-e1212d6e465b,starring.site,premium,,,medium,low,8,,,,28/09/2026 22:41
c59d639b-8dbc-49f3-899d-7b1c1f0a134e,providentially.site,available,,,high,high,14,,,,
3cde0ccc-6f2f-42ee-8ca9-70c30df74a9b,prefrosh.site,available,,,medium,low,8,,,,
59984717-20a6-46b4-b675-d7a725551daf,geopolitical.site,available,,,high,high,12,,,,
35a586f4-76e2-4497-ba6a-47ed489cbb48,knish.site,available,,,high,high,5,,,,
fd397afc-8687-442b-b38a-2ef04d2676c1,unavowed.site,available,0.98,31.98,high,medium,8,namecheap,,,10/09/2026 12:30
dd2f47b1-1e6a-4601-ab8b-f0f232b2fb5c,huntsman.site,available,,,high,high,8,,,,
d9fde972-45e8-49e2-bf07-965c13fd13a3,elten.site,available,,,high,high,5,,,,
6bff2b30-b395-44ac-b080-5fc2e97aed3c,shuttlecock.site,available,,,high,high,11,,,,
643db74e-40f0-4737-ae64-fa4e7e85807b,retaining.site,available,1.18,15.28,high,low,9,spaceship,,,30/09/2026 04:00
59303f55-8493-4c27-9e7a-5cf27ac00219,swedish.site,premium,312.5,1250,high,low,7,name.com,,,11/09/2026 05:29
4da6eb20-9e50-4712-b509-340ea1161451,kinikinao.site,available,,,high,high,9,,,,
fdf81a78-324e-4e17-ac53-dcc7e870db2e,bowman.site,premium,302.5,302.5,high,low,6,namesilo,,,20/09/2026 01:56
dd3ee8f0-1f39-4f63-b90a-d2ce58c973cb,drafter.site,available,,,high,high,7,,,,
4ba32b17-042a-4fe6-93eb-40d726149191,compton.site,premium,302.5,302.5,high,low,7,namesilo,,,20/09/2026 10:47
8b4b787a-b623-4211-a757-bf42954deb12,bumps.site,premium,302.5,302.5,medium,low,5,namesilo,,,30/09/2026 00:29
2fb48f1b-e5b0-47ec-9ade-f43b5098e766,drummond.site,premium,302.5,302.5,high,low,8,namesilo,,,25/09/2026 15:26
fa9c88c8-c979-4487-80ef-b03e2c7a0b08,federalism.site,available,2.99,38.5,high,low,10,namesilo,,,29/09/2026 12:14
85895e9e-10e5-4d3e-b933-eb47a98cb44b,sparerib.site,available,,,high,high,8,,,,
5c403c50-225a-428c-8607-2cd77b430d04,monterrey.site,premium,64.89,258.95,high,low,9,spaceship,,,28/09/2026 14:54
2a4e1788-7662-4cbf-b7d8-f224d754a4f8,maritime.site,premium,312.5,1250,high,low,8,name.com,,,24/08/2026 16:00
f712f9ec-05f1-42db-9c35-684cd2c15588,derived.site,available,0.98,31.98,high,low,7,namecheap,,,14/08/2026 03:07
2b6f3456-d9fc-4570-a0df-ab57513f01b4,niv.site,available,,,high,high,3,,,,
933b5143-775d-495a-9947-cc3b9aa89a57,houselike.site,available,,,high,high,9,,,,
18f96bae-7a8b-4c28-bc92-c1f5b9b69dc2,bookman.site,available,,,high,high,7,,,,
3b61815d-77b2-42ab-80c5-b2e086954f74,ganesh.site,available,,,high,high,6,,,,
72255b48-bb20-42fc-a3fe-f5beda3f398c,pawnable.site,available,,,high,high,8,,,,
682dde4c-7901-4c0c-a3f1-e99381db63a9,pentecost.site,available,,,high,high,9,,,,
48efcede-0bab-479b-b36f-3a945438c397,qty.site,available,,,high,high,3,,,,
13fc8768-b1d8-413a-bc79-3e99cfdbb9ee,ordination.site,available,2.99,46.99,high,high,10,name.com,,,
9face099-9607-4d8e-bcb3-318484698000,supermouse.site,available,,,high,high,10,,,,
f6116b45-952b-4ba5-9c39-09f7c9f35043,equipt.site,available,0.98,31.98,high,low,6,namecheap,,,17/08/2026 11:53
3e2f15e2-a07b-4392-a18a-a53bc95a7923,saxony.site,available,,,high,high,6,,,,
dccb5b6f-219d-4aee-b415-8027bf7a49b9,princeville.site,available,,,high,high,11,,,,
f3ce0cd6-2be3-410c-8c32-8801d5e946af,intermarry.site,available,,,high,high,10,,,,
fa9e5090-d1da-4461-a2c2-d88e054a1307,likelihoods.site,available,,,medium,low,11,,,,
b5b67c6e-b61a-4388-a827-d8c2c549f275,hookable.site,available,,,high,high,8,,,,
846a3dbe-d8e4-4aba-b143-287412b48218,flashlights.site,premium,78.12,312.5,high,low,11,name.com,,,
43942457-5650-45ef-8e79-bf689f2414cf,ira.site,premium,687.5,2750,high,low,3,dynadot,,,28/09/2026 14:31
654da044-cc2e-4cae-947f-11828eb1127e,gigantically.site,available,,,high,high,12,,,,
89b6032e-d859-40c9-a7d2-48137825aa2b,condylopatellar.site,available,,,medium,low,15,,,,
18ad59e3-6643-48e9-98aa-89b0a29d5ba5,getatable.site,available,0.98,31.98,high,low,9,namecheap,,,18/08/2026 23:00
e27d9e51-08d6-4435-b465-d1c637e64daa,sami.site,premium,162.5,650,high,medium,4,namecheap,,,09/09/2026 21:06
09078896-4bad-437e-833f-12fbbec8bd51,putonghua.site,available,,,high,high,9,,,,
e93d0603-18b4-4e3c-a933-bc792ac5b4f3,syncretic.site,available,0.98,31.98,high,low,9,namecheap,,,11/09/2026 06:21
72e7fd06-a52e-424f-853c-c8ed6036f693,authorised.site,available,2.99,38.5,high,low,10,namesilo,,,22/09/2026 13:51
3f6939fa-408c-433a-90b1-f6a5a1145353,offsides.site,available,0.98,31.98,medium,low,8,namecheap,,,04/09/2026 01:40
84eb4b26-94d6-43fe-aa76-8b216308cd75,goxhill.site,available,,,high,high,7,,,,
4dbb97c7-ebff-4717-8e15-b90b8f3d2aa3,mattresses.site,premium,3450,3450,high,low,10,namesilo,,,20/09/2026 14:45
72355f0e-897f-4990-a3bd-fe14784979b8,snarkiness.site,available,,,high,low,10,,,,
3470d376-d4c7-44cc-99b5-a08b71fec08f,articulata.site,available,,,medium,low,10,,,,
f70f7709-0a14-491e-8cd4-5f08e7368910,branchpoint.site,available,,,high,high,11,,,,
601bae16-d266-4dcf-9a83-be87f33c9749,conestee.site,available,,,high,high,8,,,,
fb19d444-d6fd-4392-b9aa-0cb62b0ea874,cemeteries.site,available,4.99,27.7,medium,low,10,cloudflare,,,30/09/2026 14:40
7403e4f1-a37f-4f4b-b584-67755a884f59,tanakh.site,available,,,high,high,6,,,,
4bb6ab04-3efd-432b-8145-fc6366d3e274,horus.site,premium,129.58,517.7,high,low,5,spaceship,,,30/09/2026 17:39
cf144c0b-229c-4540-b166-fd4c803ca579,capsulize.site,available,0.98,31.98,high,low,9,namecheap,,,11/08/2026 18:15
e7eb703c-48b1-45c2-9d29-f9994a05d8c4,enewsletter.site,available,,,high,high,12,,,,
fda824ef-5fcc-4590-a54d-9c7b6e932c61,ramsen.site,available,,,high,high,6,,,,
d51f6904-6249-446c-b5a3-a4999f0fb29a,doorways.site,available,,,high,low,8,,,,
6740a0e1-e6f2-473c-95c2-a78c92ac2b0a,sinning.site,available,0.98,31.98,high,medium,7,namecheap,,,10/09/2026 08:31
46e7ed9f-68d4-46c6-8410-c994857999bb,amygdala.site,available,2.99,38.5,high,low,8,namesilo,,,19/09/2026 00:23
6b0cb2a4-adf1-42bc-9819-72701d69d0a2,murcia.site,premium,68.75,273.44,high,low,6,porkbun,,,30/09/2026 21:06
c54f86d2-97d3-450f-af36-ae0dd85aa553,goodnaturedly.site,available,,,high,high,13,,,,
6c411226-49e9-45cd-ae0a-688b24f10547,struggling.site,available,0.98,31.98,high,low,10,namecheap,,,10/09/2026 22:52
1092bd0f-3d7d-42ee-841d-88429fb4fd7b,rove.site,available,,,high,low,4,,,,
cd83b9a9-81c8-4e58-bb44-1e5f6c9db833,nightstands.site,available,,,medium,low,11,,,,
41e9600a-6026-424d-8365-da532de7f574,gateway.site,premium,3450,3450,high,medium,7,namesilo,,,28/09/2026 14:15
29dc713e-f8a2-492c-8cf7-8296c1ec625b,woodcutters.site,available,,,medium,low,11,,,,
01aa66ef-e458-49f1-b59f-8dc605f88dfe,dampproof.site,available,,,high,high,9,,,,
f6ee09a4-c5d3-4f42-bb26-21069983b283,marquette.site,premium,302.5,302.5,high,low,9,namesilo,,,25/09/2026 07:53
9d664564-540d-48b7-ae66-56033e7c5bda,illegible.site,available,0.98,31.98,high,low,9,namecheap,,,21/08/2026 19:48
96b5b61b-e16c-4a87-a5f3-66224579f80e,handbooks.site,available,,,high,low,9,,,,
54bd7a48-c2cc-4c3b-bd51-f149f2357748,absoluteness.site,available,,,high,high,12,,,,
30325809-bcd7-4724-804c-a7b3ba783da9,urinated.site,available,,,medium,low,8,,,,
d47d281c-d76b-4e40-b07f-1b6e0790418f,well.site,premium,1625,6500,high,low,4,namecheap,,,24/09/2026 22:39
fb685326-167a-4065-b4a9-905d42c02844,ruiz.site,premium,302.5,302.5,high,low,4,namesilo,,,27/09/2026 07:03
6078b741-fee1-4e91-abcd-72c5e35e74ea,dogging.site,premium,78.12,312.5,medium,low,7,name.com,,,14/08/2026 15:03
81a15b4c-4e40-4204-8476-7e99bfe8b4cf,nigella.site,available,,,high,high,7,,,,
a544e334-1fd7-4325-b416-ce1fc760699c,basewoman.site,available,,,high,high,9,,,,
a741a122-31fa-4681-8dce-f7182c5020f2,interdict.site,available,,,high,high,9,,,,
a603f753-f33f-4861-89a1-be7d7c1bcb68,amend.site,premium,302.5,302.5,high,low,5,namesilo,,,01/10/2026 03:26
93d2df91-e98e-4a7b-bb44-2608564ee2b5,utilitarianism.site,available,,,high,low,14,,,,
92dadcd6-04d1-420c-8c83-3c911a3a7ab9,wiry.site,available,0.98,31.98,high,low,4,namecheap,,,10/09/2026 22:42
01d24af4-bfe5-451f-ad67-6731652a40e0,photosensitive.site,available,,,high,high,14,,,,
4d624041-3438-40ad-a8ff-6aaba5a40c59,fohawk.site,available,,,high,high,6,,,,
de2d0970-2bd0-44a6-b724-b1d427873a52,wordfinding.site,available,,,high,high,11,,,,
4b5faaee-9b1a-43b0-8227-98449c0d6579,pontoons.site,available,,,high,low,8,,,,
826b8f3c-963d-40c4-9ae5-c61889912834,boardshorts.site,available,,,high,high,11,,,,
e5e12611-e49c-4752-a9b5-d61c40d1e091,clouded.site,available,0.98,31.98,high,low,7,namecheap,,,12/08/2026 12:27
db95468a-112e-440e-9f0b-2cf10efe97cd,naturism.site,available,,,high,high,8,,,,
1ff186b4-9945-4bbc-ae7a-83e5e3cc6c0e,condurangoglycoside.site,available,,,medium,low,19,,,,
95d13845-3ca8-4b9b-a9db-47f27865942e,spastic.site,available,0.98,31.98,high,low,7,namecheap,,,13/08/2026 00:06
ca377d8d-bc11-4972-a5c7-ad13811ce249,backspacer.site,available,2.99,38.5,high,low,10,namesilo,,,21/09/2026 16:02
932234cc-dfdb-444e-974e-0e52bceed406,hargeisa.site,available,,,high,high,8,,,,
f1e21e73-50b5-4c52-9870-0ea954d27e87,pour.site,premium,258.95,1035.2,high,low,4,spaceship,,,30/09/2026 18:27
865dbc09-524a-4a2b-a8a9-c6e28828000d,fossorial.site,available,0.98,31.98,high,low,9,namecheap,,,18/08/2026 13:21
cf3d50fc-10a6-4ef9-a565-592856b6a412,ultralong.site,available,,,high,high,9,,,,
88c534ad-1e8d-422d-bbaf-7b047aaee1e4,sandshoe.site,available,,,high,high,9,,,,
48f46ba6-b963-4110-b3aa-e24607d7f324,miscellany.site,available,0.98,31.98,high,low,10,namecheap,,,25/08/2026 08:20
1f4bf1dc-c791-4794-954f-627b02ce7114,kissed.site,available,2.5,26.97,medium,low,6,dynadot,,,28/09/2026 04:54
2a0bb578-aa8c-4986-b413-3b2ee95ba68e,conspiracy.site,premium,647.08,2587.7,high,low,10,spaceship,,,29/09/2026 11:13
41cff932-a497-4855-bf61-8d56051b076b,gallus.site,available,,,high,high,6,,,,
686ee39d-7eba-484f-8eaf-60e23ef54f26,retailers.site,available,,,high,medium,9,,,,
abe8c9dc-580d-449d-8ac1-4543346b56f8,unmined.site,available,0.98,31.98,medium,low,7,namecheap,,,12/09/2026 15:41
ed357472-bd52-40a1-8256-9a79561cfa49,flags.site,premium,312.5,,high,low,5,name.com,,,
20b25375-e82d-431e-89b1-2da0644031dc,harking.site,available,,,high,high,7,,,,
5016be5c-d0f9-4553-bd97-21944480ec25,coresearcher.site,available,,,high,high,12,,,,
aecc4f0a-0dcd-4e28-b526-5a18073367a8,lahu.site,available,,,high,medium,4,,,,
c32f2da7-68cf-4400-97b8-ab04eb7ead76,nikis.site,available,,,high,low,5,,,,
d21958a7-b55f-4313-a4fd-8f6f772a6457,detour.site,premium,500.2,,high,low,6,unstoppable,,,29/09/2026 14:19
3f74574c-5a62-4e34-9421-70b6b2f79732,countrified.site,available,,,high,high,11,,,,
0a555c9a-d5ae-4549-b11c-ff6347184f1c,tvma.site,available,,,high,high,4,,,,
88956c7f-fd9c-46d6-8a03-591a9b5a2b88,deskman.site,available,,,high,high,7,,,,
08a5b79a-51ec-4710-a054-f0201e183a4c,kingussie.site,available,,,high,high,9,,,,
f66d2fc2-d01c-4bd0-9a45-623c5891d685,consonant.site,available,0.98,31.98,high,low,9,namecheap,,,12/08/2026 20:14
1be14eac-f560-40be-b421-d5c4b389c65f,basinet.site,available,2.99,38.5,medium,low,7,namesilo,,,22/09/2026 10:57
9cd8571c-96d7-4f10-ae25-32ec00dcfd97,rubbed.site,available,2.99,38.5,high,low,6,namesilo,,,17/09/2026 07:54
01674b2b-ef86-4051-8a44-1993a6ad3f21,cousteau.site,available,0.98,31.98,high,high,8,namecheap,,,27/09/2026 05:53
7ab19475-f331-4958-b843-a6e389fc93f1,sill.site,available,,,high,high,4,,,,
20ab36b9-3bd2-4633-93ce-b950222c5670,amoxil.site,resell,,,high,low,6,"GMO Internet Group, Inc. d/b/a Onamae.com",14/03/2026 03:15,14/03/2027 23:59,26/09/2026 03:51
b44f951a-a83a-4d16-add0-65d59956aa6a,stripped.site,available,0.98,31.98,high,low,8,namecheap,,,10/09/2026 22:48
41922bfa-b983-495e-900d-dec4f57f422c,encouraging.site,available,2.99,38.5,high,low,11,namesilo,,,
49bf9118-8375-48b1-bc9e-010c19e53a4f,idaho.site,premium,1107,1107,high,low,5,namesilo,,,01/10/2026 02:17
50b2cdaa-ab54-461b-9b25-fff0a0cf89cd,toss.site,available,,,high,low,4,,,,
18d4aa71-f1ca-4366-8cdc-29267220fbfb,coder.site,available,,,high,high,5,,,,
5edde85b-9735-478b-8415-0ae78af22485,unbartered.site,available,,,high,high,10,,,,
452f21c1-0b4a-4fd9-9b30-e2973a751927,homeownership.site,available,,,high,high,14,,,,
9848fa7f-1dd2-43cc-98c7-2e8524ff95f8,osman.site,premium,,,medium,low,5,,,,28/09/2026 22:06
638c33ae-5cd0-46b6-94e2-2f4578ab6c49,preanalyze.site,available,,,high,high,10,,,,
15e9861c-ef52-4c58-b01d-e0cc4e51b2d1,chronicling.site,available,,,high,high,11,,,,
73ec7b27-fd8b-4748-af43-3b35f2788d0d,glaucophanes.site,available,,,medium,low,12,,,,
b54672ae-a9bd-4724-bbdf-f6a623e75ef3,conservatives.site,available,,,high,high,13,,,,
490ad49a-37a5-4301-92f1-1d720ba23953,captive.site,resell,,,high,low,7,West263 International Limited,01/06/2026 08:23,01/06/2027 08:23,26/09/2026 04:46
9871c7d9-9a0f-4008-b9ca-8a94457dd755,increasingly.site,available,1.18,15.28,medium,low,12,spaceship,,,29/09/2026 04:46
3f2f0821-3394-4475-bde8-5ed64e97b18c,highroad.site,available,,,high,high,8,,,,
0b55cae2-93e8-4b55-9144-8393a7834437,starts.site,available,,,high,low,6,,,,
159a77c0-4a84-4635-bcb2-13530dd08d62,silks.site,available,,,high,high,5,,,,
26678dc6-7e7c-4e0a-999e-b806116d0e75,shampooing.site,available,,,high,high,10,,,,
16dd259f-9a03-40b9-b4e6-180cbab281d0,chinchillas.site,available,,,medium,low,11,,,,
2d9b4460-465b-42cf-b1a3-c41b11b86832,wewoka.site,available,,,high,high,6,,,,
439407a8-14d5-4d6c-8223-3cddcb2d9a54,latvian.site,available,0.98,31.98,high,low,7,namecheap,,,22/08/2026 20:47
3ea9aec3-9ec5-4c30-af4c-bddbb2beaeda,bellman.site,premium,302.5,302.5,high,low,7,namesilo,,,23/09/2026 06:01
889fbf3d-b862-47d5-9012-10aa07bdb0a7,atikamekw.site,available,,,high,high,9,,,,
b49af2a3-4087-4c73-9522-6728e2060ace,slatey.site,available,0.98,31.98,high,low,6,namecheap,,,10/09/2026 10:21
eac174eb-f08e-4efa-89dd-64f9ead66fc9,seawater.site,available,,,high,high,8,,,,
060fd89e-9b1e-493c-ac6e-95415e1fd044,flushable.site,available,,,high,high,9,,,,
04a7f2a1-ff54-42d2-a3bd-aa952551e293,whipple.site,premium,302.5,302.5,medium,low,7,namesilo,,,28/09/2026 16:10
fb02abfd-5c8e-4fa7-953f-7ebbc167d816,lebkuchen.site,available,,,high,low,9,,,,
ca9a163e-2493-4cf7-a968-4111eda87126,bandgap.site,available,,,high,high,7,,,,
f26d44a7-2c5d-4d1e-8f09-e30c7500e988,lawson.site,premium,302.5,302.5,high,low,6,namesilo,,,25/09/2026 12:31
69c8439c-a4c5-4476-ab1a-85c507d08487,alca.site,premium,78.12,312.5,high,low,4,name.com,,,18/09/2026 03:36
652c7d41-89ba-4c1b-91f4-a97b63e7c9a9,cognizant.site,available,2.99,38.5,high,low,9,namesilo,,,25/09/2026 09:05
314b429d-3fe5-45f6-aaae-b93c9ff7cfde,prosecution.site,available,2.99,,high,low,11,name.com,,,
0ed47eac-0189-4294-afa5-de2539b18815,escarole.site,available,,,high,high,8,,,,
5b634111-d504-45de-bfca-96d39f27e4ee,toughest.site,available,37,,high,low,8,unstoppable,,,30/09/2026 00:39
9c79a314-e69a-46a0-80e8-720aec322e1c,dip.site,premium,325,1300,high,low,3,namecheap,,,24/09/2026 10:33
29d1b77f-4fc7-466c-9fa2-f356df22705d,dearie.site,premium,78.12,312.5,high,low,6,name.com,,,13/08/2026 18:19
b596d3d6-3886-45cd-94d0-50f864b08d60,slotted.site,available,,,high,low,7,,,,
00922a6b-f124-4ab3-9c79-d90b01f5e3ed,listings.site,available,,,high,medium,8,,,,
24893050-f855-49ba-80df-daf5ce4d415e,shorts.site,premium,258.95,1035.2,high,low,6,spaceship,,,28/09/2026 07:26
19811d40-c1df-4faf-a50f-d01cea378dd2,dissentient.site,available,,,high,high,11,,,,
e086169d-0ae1-4c96-8f09-48ac35885440,haunch.site,available,,,high,high,6,,,,
3f7abab9-c4f9-4aef-a164-b7d7828fc4de,indigena.site,available,,,high,medium,8,,,,
46e98360-a0a1-4464-81d3-67e1e21fbc70,inez.site,premium,64.89,258.95,high,low,4,spaceship,,,30/09/2026 05:00
a7d159c3-9163-4dbf-8fd7-ea69e2023981,preferentially.site,available,,,medium,low,14,,,,
6947acc9-1954-48b3-a24f-aabd3711ad11,hologram.site,premium,325,1300,high,high,8,namecheap,,,27/09/2026 05:35
f1bfae2c-b307-4504-809c-aa6cc010d664,angloindian.site,available,,,high,high,12,,,,
b5d803fc-2b31-41a5-bf05-97124daaad90,iit.site,premium,640,640,high,low,3,namesilo,,,30/09/2026 04:30
7d15f8d1-5ff4-40f9-b84b-13c2e5417b61,wonderworker.site,available,,,high,high,12,,,,
7ecc3f03-56bc-4958-afc1-16e75db73b54,whitesands.site,available,,,high,high,10,,,,
8002051e-6b1a-453e-9497-f038f7719670,groundsills.site,available,,,medium,low,11,,,,
3f277c71-8e80-4513-9846-f8870992154b,loamy.site,available,0.98,31.98,high,low,5,namecheap,,,24/08/2026 08:15
78373a03-84a5-4290-a959-53dbb1eefa59,adopt.site,premium,258.95,1035.2,high,low,5,spaceship,,,28/09/2026 03:18
1bd58ddb-fb1e-4284-a676-e51516871bbd,autoimmune.site,available,0.98,31.98,high,low,10,namecheap,,,07/08/2026 20:32
b259df2d-0090-4d3f-82c6-33db739e4759,deodorise.site,available,,,high,high,9,,,,
3a814c7e-ce8a-47e3-8ba8-9e4bfb8c617f,zappers.site,available,,,medium,low,7,,,,
a7370ef0-20ee-472e-9770-d52f5b977a6e,dosai.site,available,,,high,high,5,,,,
f6326bfb-2917-4b1d-a96b-ad389fb6915d,whet.site,available,,,high,high,4,,,,
caa73f01-416d-48f8-9f88-954cd29174ac,friedman.site,premium,68.75,273.44,high,low,8,porkbun,,,29/09/2026 18:58
41366841-eb94-4cfa-b37e-11076b36ba15,wakened.site,available,,,high,low,7,,,,
7add7b00-6101-4e88-b6bf-256d59a8f7c4,rockpool.site,available,,,high,high,8,,,,
28d8ab6e-6573-42fc-9c94-2e3266c9c65d,motorize.site,available,,,high,high,8,,,,
77b4b12e-e648-440e-914d-01b282d5df1f,stipulate.site,available,,,high,high,9,,,,
f57eb0b5-c326-4ab2-9c6f-d85da3247597,horseknop.site,available,,,high,low,9,,,,
b3f0dc5e-e82a-4529-a0d5-dd7a769c997f,indebt.site,available,,,high,high,7,,,,
0d1c98b3-bd23-4530-af39-0bfcdf170c7f,gosainthan.site,available,,,high,high,10,,,,
3b4ba438-dbec-4099-bd62-c5ec4e509eb2,multiport.site,available,2.99,38.5,high,high,9,namesilo,,,27/09/2026 06:20
e2d6abe6-a9fe-497f-947d-3113f9337b18,arhus.site,available,2.99,38.5,high,low,5,namesilo,,,16/09/2026 13:26
216aa84e-6e98-4421-84f9-f243a60853ff,crewcuts.site,available,,,high,low,8,,,,
b4f4dc1d-3710-4373-90ba-31099ac90a47,recklessly.site,available,0.98,31.98,medium,low,10,namecheap,,,15/09/2026 22:49
c0d54e48-13b8-493c-b9f2-a641d47a71c9,susannah.site,available,1.18,15.28,medium,low,8,spaceship,,,29/09/2026 04:06
00e6c56b-5f3a-4146-9549-feb855d8e12c,portuguese.site,premium,3450,3450,high,low,10,namesilo,,,25/09/2026 15:43
1e79189e-5492-4fe1-8ee3-06be0cb5f3ac,fumigation.site,available,,,high,high,10,,,,
e3f24da0-6376-4fa6-b60a-244c588ccf9d,mixing.site,premium,64.89,258.95,high,low,6,spaceship,,,29/09/2026 10:24
d2120668-fb23-4819-9007-ad6c2b5deba7,stagehand.site,available,,,high,high,9,,,,
9b1b737d-1c56-497f-9311-484d613f4524,nuns.site,available,2.5,26.97,medium,low,4,dynadot,,,28/09/2026 12:28
e53f7ee2-47c9-4164-aca6-de876f542a96,decolletage.site,available,,,high,high,11,,,,
edf2a904-a6d5-43f0-8c95-5eaca5d6a3c7,nominalisation.site,available,,,medium,low,14,,,,
1a435442-e155-49d3-8419-35f65a02a723,matchable.site,available,,,high,high,9,,,,
9f5e5743-c117-42dc-b21d-84580137e060,pure.site,premium,1107,1107,high,medium,4,namesilo,,,27/09/2026 08:17
2f3fead5-c70a-4ea7-8e32-55f01a5488bf,appraised.site,available,2.99,38.5,medium,low,9,namesilo,,,18/09/2026 22:16
0ca6b4ba-f002-4602-876f-d373c77e7333,stebbinsville.site,available,,,high,high,13,,,,
98cceb96-6af7-4141-8453-58690a6afa86,tuition.site,premium,500.2,,high,low,7,unstoppable,,,28/09/2026 15:30
5c44bcd7-8f3e-4324-b676-3a8efdc809b5,coke.site,premium,1107,1107,high,low,4,namesilo,,,27/09/2026 03:32
62b6d07b-d200-43c1-aa0a-fb23f9fbe13a,embroidered.site,available,,,high,low,11,,,,
6a02c212-2420-41c2-90fb-767ff807a31b,arches.site,premium,302.5,302.5,high,low,6,namesilo,,,30/09/2026 05:05
bb5b4495-81b8-4703-a550-832e27ae016d,colleagues.site,available,0.98,31.98,high,low,10,namecheap,,,18/09/2026 23:15
431ec4d0-6012-4793-9a62-b5b182f773be,dier.site,available,,,high,high,4,,,,
919afb0a-c337-4c58-b97e-29ea664e3c0d,dennison.site,premium,250.2,,high,low,8,unstoppable,,,30/09/2026 05:23
b730840d-ee30-4340-b455-fdb098e848e5,harpullia.site,available,,,high,high,9,,,,
72e84b35-5910-42b1-a46a-fd12e818f287,asmara.site,premium,81.25,325,high,low,6,namecheap,,,20/09/2026 14:27
cd2d4930-051e-48a7-bd9a-0d53ff9e810e,coroners.site,available,,,medium,low,8,,,,
69ab158d-567b-49bd-85ea-80f6a148c251,wetsuits.site,available,,,high,low,8,,,,
53469956-81e5-439c-8791-3f4119af2ba9,abiogenous.site,available,,,high,high,10,,,,
c7370cd0-b7a0-4d66-b6ac-f4043ed0cf92,dsn.site,premium,64.89,258.95,high,high,3,spaceship,,,28/09/2026 02:17
a89bf400-8680-4619-931d-4285c79e4b26,wakeboarding.site,available,,,high,high,12,,,,
c21f4414-1e6f-4a50-b1f9-01377b66d091,matthias.site,premium,,,high,low,8,,,,27/09/2026 19:32
d971ede3-1e2e-43ba-811c-9c2018b0da79,wind.site,premium,781.25,3125,high,low,4,name.com,,,28/09/2026 10:39
ec904cc9-f3b6-481e-acd9-6b38245e3457,beatlesque.site,available,,,high,high,10,,,,
89abbbdd-b966-4981-aa1d-eff6ac0e67ea,antigua.site,premium,640,640,high,low,7,namesilo,,,19/09/2026 14:32
8489f7f7-923b-4ec6-88c8-b5840c0f6726,joviality.site,available,,,high,high,9,,,,
fe448d83-44d9-440d-9035-6ed1c43deefb,ryukyuan.site,available,,,high,high,8,,,,
17e76ab4-7c45-4fad-9e6f-08edc52ce30b,taxation.site,premium,647.08,2587.7,high,low,8,spaceship,,,30/09/2026 10:13
a5192fcf-49be-44c2-8560-916ba39efcb6,kingyang.site,available,,,high,high,8,,,,
6caf8d0d-4704-42ac-be69-547ca1c84113,bowelless.site,available,0.98,31.98,high,medium,9,namecheap,,,10/08/2026 23:08
5d6955c0-5256-45b2-b101-8b43d7554a47,charabanc.site,available,2.99,38.5,high,low,9,namesilo,,,21/09/2026 05:58
3a4c4b4e-6829-4e10-bedb-8dba16857215,despite.site,premium,250.2,,high,low,7,unstoppable,,,29/09/2026 11:22
63fec402-a81a-4366-81fc-1bbf842e26cc,streets.site,premium,78.12,,high,low,7,name.com,,,
13e51245-a3b9-4a80-8cbd-dad914738df9,beatific.site,available,0.98,31.98,high,low,8,namecheap,,,
cf33c61b-08e5-4fbc-8849-55ec5b908bc1,lightheartedly.site,available,,,high,high,14,,,,
2b6a4087-aef0-4081-8cde-7f1f5617bba2,michel.site,premium,302.5,302.5,high,low,6,namesilo,,,25/09/2026 12:46
3a38efa7-bd65-48c5-bd34-0132828b86e8,overshot.site,available,0.98,31.98,high,low,8,namecheap,,,04/09/2026 21:51
cf7ad7fe-6842-4bbe-96a7-5a50519677cd,snp.site,premium,1000.2,,high,low,3,unstoppable,,,29/09/2026 20:21
a81c2184-3627-4e4b-8fa4-63d5af3da0b1,competed.site,available,,,high,low,8,,,,
017ac023-0add-467a-9e46-0585405fc262,emirates.site,available,,,high,high,8,,,,
b7cfa7c7-1aaa-4938-bef2-d1ddc0728915,stende.site,available,,,high,high,6,,,,
53515533-f6e5-4f1f-b7b1-e5478697164d,audiophiles.site,available,,,high,low,11,,,,
cfd0eaf1-a935-428c-8365-466c6e36b171,fete.site,premium,640,640,high,high,4,namesilo,,,27/09/2026 05:37
0a3eee6b-83e9-4861-957d-f9ed5c348dca,rotisserie.site,available,,,high,high,10,,,,
81914b02-f973-4cca-bfad-ea2f031b7607,chineseness.site,available,,,high,high,11,,,,
02887bc5-1d69-47d6-97b8-859ba72dcfd1,cpr.site,premium,3450,3450,high,low,3,namesilo,,,24/09/2026 12:51
93bd8826-49df-4d4a-ad8c-08cb55ada973,soothable.site,available,,,high,high,9,,,,
7c3e2e5d-686e-4046-bd55-25dac7d41414,surfbird.site,available,2.99,38.5,medium,low,8,namesilo,,,19/09/2026 17:13
268d2271-5254-46e0-81ee-6e7c6f6a662e,trouping.site,available,,,medium,low,8,,,,
9bfb66bb-65c1-4f75-b4b0-6f1afe62ef8d,turgid.site,premium,78.12,312.5,high,low,6,name.com,,,10/08/2026 18:07
01e53732-2f49-48d9-a33c-3a00558ecff2,dumfound.site,available,,,high,high,8,,,,
42d46fbb-680c-4d93-b640-7bd47dd96131,asterisks.site,available,,,medium,low,9,,,,
b2485620-cb36-4957-907f-e97bcae0924b,quintile.site,available,,,high,high,8,,,,
98e0bdba-4381-4444-aba0-15dd97f46266,kitcher.site,available,,,high,high,7,,,,
14117dac-3707-47b3-bf76-7639c4109395,cloths.site,available,,,high,low,6,,,,
913b174e-d179-41a3-8092-e97591c97ce4,companionable.site,available,,,high,high,13,,,,
1a8b98e0-aa1b-4d83-9755-070111d62de9,answers.site,premium,1625,6500,high,low,7,namecheap,,,25/09/2026 18:18
af8c4057-fa14-4d65-a103-6e6b442f19dc,benedict.site,premium,1107,1107,high,low,8,namesilo,,,23/09/2026 07:52
bf86dbac-6eca-4dad-9bd6-cd3fcd3f7587,cecilia.site,premium,156.25,625,medium,low,7,name.com,,,26/09/2026 03:37
a41aed8c-0b22-4950-9047-a2ffe5875ca1,pelosi.site,available,,,high,low,6,,,,
781038e9-2adf-4c53-8b71-7bb8e3cbe567,kleenex.site,available,2.5,26.97,high,low,7,dynadot,,,30/09/2026 01:39
51e0a759-9d72-446d-a6fc-b56a3dcbcf2d,discredit.site,available,1.18,15.28,high,low,9,spaceship,,,29/09/2026 15:37
fd5c1238-7d2b-4ef5-b68f-8aa597a0704b,cuatro.site,premium,,,high,high,6,,,,28/09/2026 02:16
2ac5fec4-8849-4b5d-98b5-2c2fc008f0c1,sixpences.site,available,,,medium,low,9,,,,
2adc7265-22b3-4549-b292-4201db23f1c9,icelanders.site,available,,,medium,low,10,,,,
dc251f7b-fdc2-4b42-a58f-73f591107bd8,wherefore.site,available,,,high,high,9,,,,
a37659bd-f973-454b-ac77-fd6269a63fb5,inorganic.site,available,0.98,31.98,high,low,9,namecheap,,,22/08/2026 06:11
b868940e-af3c-4a4c-8a81-bd34b4585878,allophone.site,available,2.99,38.5,medium,low,9,namesilo,,,18/09/2026 12:02
7532c77d-b9e3-4bd6-bb9c-c07943aed48c,latvia.site,available,,,high,high,6,,,,
33d40ecc-c0d6-4d09-b054-d4704da9e81d,kinkiness.site,available,,,high,low,9,,,,
7060c50b-33fe-477d-b7cb-76381f9e38f6,anagoge.site,available,0.98,31.98,medium,low,7,namecheap,,,19/09/2026 01:27
d2cd183c-f3a7-446a-be14-68f76024c9f5,rotter.site,premium,78.12,312.5,medium,low,6,name.com,,,11/08/2026 09:08
d53569d6-b2b6-4fb1-ba34-e4b654dde85d,recompense.site,available,,,high,high,10,,,,
00398d02-2341-4211-b04e-3af4ebdadbbb,newssheet.site,available,2.99,38.5,high,high,9,namesilo,,,29/09/2026 02:19
8f0024fd-4e12-4497-8c87-e4d98c84a4d4,faceplate.site,available,,,high,high,9,,,,
f58cad4a-0eb6-4eea-a826-7cb6861d5eb9,unodc.site,available,,,high,high,5,,,,
5e67bc53-5a30-4bb6-8bc2-c3e2b57036f1,scrapbook.site,premium,640,640,high,high,9,namesilo,,,27/09/2026 05:57
e003d726-f0c9-4897-ba89-1cd04186a72c,frittenden.site,available,,,high,high,10,,,,
2cb8054a-3574-4c86-9d20-81baed94c527,designates.site,available,,,medium,low,10,,,,
326838f7-88e2-49e7-90f4-3ecdfd6af3c8,bloodmobiles.site,available,,,medium,low,12,,,,
b9edcb84-e9f1-4e0f-8ab9-7c84f87e8239,tenderizer.site,available,,,high,high,10,,,,
298d2e35-7424-443c-9b26-bc1e93b290f3,absolutizes.site,available,,,medium,low,11,,,,
237e2bb8-595c-41d6-b20c-8f20a6d7d91c,noncommercial.site,available,,,high,low,14,,,,
62b0ad20-3eb9-4367-ac5b-135c511d0477,finn.site,premium,64.89,258.95,high,low,4,spaceship,,,28/09/2026 05:42
6efa3bb1-fb41-4b69-967c-85403f7946cf,fulfills.site,available,2.99,38.5,high,low,8,namesilo,,,26/09/2026 06:16
69c7e63c-900e-413a-bd15-8e5b085b1b6c,studded.site,available,0.98,31.98,high,low,7,namecheap,,,10/09/2026 22:57
347a9b3b-5986-4263-9f39-00f7e6010446,cantabile.site,available,0.98,31.98,high,low,9,namecheap,,,11/08/2026 17:38
3b9cd58f-4960-4157-b812-0ba954fa0aa2,officeholder.site,available,1.18,15.28,high,high,12,spaceship,,,29/09/2026 02:20
cef9a0ed-0793-444e-b72e-339209137792,hymnbook.site,available,,,high,high,9,,,,
835b6f84-0ad2-4bcb-b7d8-7c5bb135df2f,rhianna.site,available,2.99,,high,low,7,name.com,,,
dbd4013e-c9df-497f-b97a-027c8bdd5e34,baulk.site,available,0.98,31.98,medium,low,5,namecheap,,,14/08/2026 04:57
d19fd218-28de-40e0-93fa-73f22784ae79,excogitate.site,available,,,high,high,10,,,,
7d99d366-82a9-4c1e-9c8b-261a4604865b,celiac.site,available,0.98,31.98,high,low,6,namecheap,,,11/08/2026 23:23
c730325e-9323-4ed6-8dfa-ce4240c8a265,indented.site,available,,,high,high,8,,,,
1e2598df-f17f-4212-88f9-edefcbe3c6a3,timorese.site,available,0.98,31.98,high,low,8,namecheap,,,11/09/2026 16:04
d7876d36-c9c8-47b9-aa4c-324481b2e95e,buildings.site,premium,3450,3450,high,low,9,namesilo,,,27/09/2026 09:32
0cc5b3dd-05c8-4755-8b93-cf41549fc962,bearskin.site,available,2.99,49.99,high,low,8,name.com,,,22/09/2026 21:25
fccca83c-5635-4cb9-a3a4-7158449df664,maggie.site,premium,812.5,3250,high,low,6,namecheap,,,25/09/2026 11:56
dd262afb-fe7c-4d27-9c62-fdc42583c855,tanga.site,available,,,high,high,5,,,,
ef823934-3869-428b-9e7e-7311e1c5d60d,pronounciation.site,available,,,low,low,14,,,,
7d5fec21-4d31-4e50-91e3-45d144682b2c,corrected.site,available,2.99,38.5,high,low,9,namesilo,,,23/09/2026 23:45
799af42d-ab55-449d-ae7d-bc9ba5f8d65b,devised.site,available,2.99,38.5,medium,low,7,namesilo,,,29/09/2026 16:34
040ddc3a-6da8-4d8d-9355-80e7f8acd728,fundamentalist.site,available,,,high,high,14,,,,
26a0da91-5f93-43c4-95d3-68f908c3ad6a,ntacms.site,available,,,high,high,6,,,,
e583bd4d-0fa4-4ea8-8caa-d563ae568cc0,grammatical.site,available,,,high,high,11,,,,
760450c7-6925-426f-afe3-8a0ea03d2717,rwandese.site,available,,,high,high,8,,,,
81eeef93-beee-44e5-b676-f13c772b64ca,hitch.site,premium,156.25,625,high,low,5,name.com,,,20/08/2026 22:55
2406b9a0-31d0-44f4-bce9-f280354a45fa,debile.site,available,2.99,49.99,medium,low,6,name.com,,,13/08/2026 20:28
8399911c-c1e9-469d-82c3-8ffec4f40c56,rahul.site,available,,,high,high,5,,,,
4a5cb7da-3a6a-40c2-a4de-16beb3b57510,properness.site,available,,,high,high,10,,,,
d035d827-d0e0-4587-abe9-cefadbef79ec,prussian.site,available,0.98,31.98,high,low,8,namecheap,,,09/09/2026 04:50
236b64f8-332a-4498-abad-a95f9e32d675,tantalizer.site,available,,,high,high,10,,,,
676bb4a1-357a-4a41-8d2b-2ac8ed645ed6,horseball.site,available,,,high,high,9,,,,
e141982e-067e-43d8-8aa9-80c2586af8fd,flotation.site,available,2.99,46.99,high,high,9,name.com,,,
604f3b1a-44fd-411a-ab4d-5f0dcc88c58c,she.site,premium,682.81,2729.67,high,low,3,porkbun,,,30/09/2026 22:17
b518f6c4-6f60-44df-8bd4-351c619ebf7b,bobby.site,premium,1107,1107,high,low,5,namesilo,,,28/09/2026 13:33
536d046e-4d74-4101-98b4-a763348aece7,unquestioned.site,available,,,high,high,12,,,,
f29b13ad-81b8-4d2a-8c61-eedb4d062a57,crisscrossing.site,available,,,high,high,13,,,,
6a83ec58-3e31-4fd7-b3cc-555fd81a0e06,coproduction.site,available,2.99,38.5,high,low,12,namesilo,,,30/09/2026 14:49
a1fb9d0e-d88e-4553-89a9-8a3dafc1b292,savoring.site,available,,,high,high,8,,,,
85cb0642-9aac-41cc-b161-b005dd8d700d,annals.site,available,2.99,38.5,high,low,6,namesilo,,,19/09/2026 10:05
9e0299f1-3816-42de-b69a-8771433afc37,palish.site,available,0.98,31.98,medium,low,6,namecheap,,,04/09/2026 23:41
1adfd616-c189-4690-84ef-27000d5254a6,silicon.site,premium,1107,1107,high,low,7,namesilo,,,20/09/2026 22:24
1f6a7af3-e822-43d8-b6d4-3be551d01c2f,eleadership.site,available,,,high,low,12,,,,
43c62c7a-f747-4786-967a-e7dfde86d658,saturation.site,available,4.99,27.7,high,low,10,cloudflare,,,30/09/2026 16:43
40f8ff40-bb7d-4814-bb3a-f08672e34daa,scalpel.site,available,,,high,high,7,,,,
ea6a9ac2-90a1-4b63-aede-c35c3716eec6,aberdare.site,available,0.98,31.98,high,low,8,namecheap,,,16/09/2026 15:08
0335b4b5-a105-434d-b637-c63e323c9628,anus.site,premium,1107,1107,high,low,4,namesilo,,,19/09/2026 15:56
1b0f241d-78be-4b7e-be91-9eb64d517754,deadening.site,available,0.98,31.98,medium,low,9,namecheap,,,10/08/2026 19:57
dc3cff54-baa1-4ed7-b915-9e272dbabadf,tried.site,available,4.99,27.7,high,low,5,cloudflare,,,28/09/2026 02:21
0e91e4b7-fb22-42af-aad5-9851fef19b0f,barrette.site,premium,302.5,302.5,high,low,8,namesilo,,,22/09/2026 08:28
02333d65-1887-4bef-a366-03d63920c184,grew.site,premium,129.58,517.7,high,low,4,spaceship,,,30/09/2026 22:49
dee0039b-dfe6-4549-b7af-184f092f1363,insanely.site,available,0.98,31.98,medium,low,8,namecheap,,,14/09/2026 09:13
5f463a41-d7f0-41a2-a594-bc44fa1b2bdc,elzevir.site,available,,,high,high,7,,,,
de987266-03f6-4d19-8565-5e06d995649e,vicki.site,premium,81.25,325,medium,low,5,namecheap,,,29/09/2026 04:00
db18eab8-a9d0-4aa4-b2a2-cee935ca6dd2,clx.site,premium,78.12,312.5,high,low,3,name.com,,,
30f0704f-7a7f-4c1c-bc46-57b51e0854d5,artinian.site,available,,,high,low,8,,,,
71f7785f-d23e-43ee-9577-4c03a15da0b4,carnify.site,available,,,high,high,7,,,,
d1f83e9e-11b8-489b-92b8-4e3f8f1e6117,containing.site,available,37,,medium,low,10,unstoppable,,,29/09/2026 03:15
4b333770-1f7a-4c17-8923-5841fdf0944a,plethoras.site,available,,,medium,low,9,,,,
6e5f88e1-bf0c-4691-94de-0fe878c1c262,teakettle.site,available,,,high,high,9,,,,
d75d419b-5989-4f14-9a02-bf37eaa4777e,ailurophile.site,available,,,high,high,11,,,,
bb49f260-2d19-41ee-9fba-e87f088b9ae0,meaow.site,available,,,high,high,5,,,,
1f305da8-6462-4026-a706-d5b536bf3943,adenological.site,available,,,high,high,12,,,,
f1362a4e-97f6-443f-a2f8-05fe9230d959,apulia.site,available,0.98,31.98,high,low,6,namecheap,,,19/09/2026 22:42
20126026-109f-4a92-86e5-b187cc6e3b89,commonty.site,available,,,high,low,8,,,,
3e593291-33dd-4aa3-b7a2-ecc826382a16,split.site,premium,325,1300,high,low,5,namecheap,,,24/09/2026 11:30
c985a6a6-b3e6-4d92-9194-db01ed8789c1,simulation.site,premium,275,1100,high,low,10,dynadot,,,28/09/2026 10:50
7753c1b6-b741-481e-9626-589382cdc459,campestral.site,available,0.98,31.98,medium,low,10,namecheap,,,11/08/2026 16:05
f525b318-67b4-477b-bd0c-e14e2c2ed34a,copestone.site,available,,,high,high,9,,,,
ced3ac8f-3a5d-4083-8c86-2dd319485db9,skeleton.site,premium,2500.2,3450,high,low,8,unstoppable,,,28/09/2026 10:56
4510a3db-f523-489a-ab58-1c3b42ff2536,moonroof.site,available,,,high,high,9,,,,
eb0c6c09-b000-42b1-9cea-eb2df5d654d4,groundlings.site,available,,,high,low,11,,,,
80b28a5c-3170-49e1-a447-6f4333904ffd,spiritwood.site,available,,,high,high,10,,,,
820ce8b9-28f6-4dae-a88d-ee6085513c3f,submersibles.site,available,,,medium,low,12,,,,
19dd96ad-ba3a-43d4-9802-ab9dd41903d8,arteriolopathy.site,available,,,medium,low,14,,,,
aef6e7ff-89c3-45ae-a753-142b5a8b0942,executives.site,premium,81.25,325,high,low,10,namecheap,,,21/09/2026 01:35
f0b3e0ea-9106-4cac-99a0-d8a1a720ccec,markings.site,available,1.18,15.28,medium,low,8,spaceship,,,29/09/2026 10:28
42ac3608-5197-409d-94fb-70e6be9e708b,chaparral.site,available,0.98,31.98,high,low,9,namecheap,,,10/09/2026 00:21
b3e1dff0-419c-427b-b878-db018d9d3427,und.site,premium,302.5,302.5,high,low,3,namesilo,,,25/09/2026 11:22
819f56b2-f7b6-4702-a2ec-965e6b05e83f,khaki.site,premium,78.12,312.5,high,low,5,name.com,,,22/08/2026 15:47
15373ef8-93fe-4939-9882-fc5176d67e4c,steuben.site,available,2.99,38.5,high,low,7,namesilo,,,22/09/2026 07:05
d6e4fb4e-d5f3-4d65-af31-e7f9cd038f2b,footbath.site,available,,,high,high,8,,,,
e3e97b14-9f8b-482f-a90a-21eb7deceb32,godowns.site,available,,,medium,low,7,,,,
fea2e887-d214-4754-af59-97c0446b4b70,saccate.site,available,,,high,high,7,,,,
fb557999-e6e0-4a92-8fa8-2c6700d46e1c,funnelling.site,available,,,high,high,10,,,,
bb9a61ca-33e7-483d-9d1c-61eae8aaf496,levantine.site,available,0.98,31.98,high,low,9,namecheap,,,23/08/2026 00:31
4c100c76-935c-43bd-9b3e-2041505f9810,bosom.site,available,,,high,high,5,,,,
ed0193fd-73ba-4e37-a68b-a50290ecc493,kirkenes.site,available,,,high,high,8,,,,
18207b00-2c6c-4090-b058-49e00b92550e,winegrowing.site,available,,,high,high,12,,,,
21be9bf4-98d3-4ad1-8b0c-c7df3d401537,disciples.site,premium,64.89,258.95,high,low,9,spaceship,,,29/09/2026 16:57
3ed51e49-4b9a-4c63-b81e-c771cd9979f4,strollers.site,available,,,high,low,9,,,,
703adf46-db18-4f4d-8996-147a398f79cf,exploration.site,premium,137.5,550,high,low,11,dynadot,,,28/09/2026 02:39
e4298295-4a96-4662-80e1-76cc9bddeae2,onymous.site,available,0.98,31.98,medium,low,7,namecheap,,,04/09/2026 15:26
752f5b83-6792-45b2-b631-34af2c55d955,puzzlement.site,available,2.99,38.5,high,low,10,namesilo,,,21/09/2026 17:39
f96a1ab4-67bb-4842-89e3-e26cdc40a38e,veganist.site,available,,,high,high,8,,,,
aef3c637-db6f-4ccf-8b70-e14a38cae0a5,rod.site,premium,647.08,2587.7,high,low,3,spaceship,,,29/09/2026 20:44
310d50dd-9534-4f50-a783-26baf1f3041a,sudden.site,premium,78.12,,high,low,6,name.com,,,28/09/2026 01:51
6cd16b47-1b3c-4816-9b09-3926f2df6ea6,snoozer.site,available,,,high,high,7,,,,
73aa6f52-a23d-4b5c-921f-b3c466bf273d,harassed.site,available,0.98,31.98,medium,low,8,namecheap,,,21/08/2026 00:06
8bdb5d3d-6cea-412f-8076-e2985e74ddda,termination.site,available,0.98,31.98,high,low,11,namecheap,,,04/09/2026 07:49
092ef5fc-3cb0-4177-9e93-bc0370f10e77,osakan.site,available,,,high,high,6,,,,
f586a5f2-8661-472d-aa46-87a4b09b5bd4,ulcer.site,available,2.99,38.5,high,low,5,namesilo,,,30/09/2026 11:13
d88f175b-5308-41cb-9cda-7a61c1afb3cc,demountable.site,available,,,high,high,11,,,,
d07c68ec-c49a-44d3-9b11-6276eb0023ed,selfdirection.site,available,,,high,high,14,,,,
a2045de2-69a9-4aba-9d8d-504307a70854,autarch.site,available,,,high,medium,7,,,,
2a0580dd-109f-4915-9202-c1508ba35ba4,mandala.site,available,,,high,high,7,,,,
3a97f493-1275-4f74-bb2d-4be9d7753068,redbird.site,available,,,high,high,7,,,,
2548f099-a22b-4338-a838-12ca0ebc0caa,tanzania.site,available,,,high,high,8,,,,
65cbcebd-9f89-4563-bbac-10d0e1164dd0,beguile.site,available,,,high,high,7,,,,
de7e0a69-3caa-407a-8890-2cbf2d6efc4d,afp.site,premium,325,1300,high,low,3,namecheap,,,17/09/2026 15:12
b5518563-ff9f-4d17-8daf-c045b8f37132,embroiderers.site,available,,,high,low,12,,,,
62a59314-dee0-4537-8745-37b0cd3872d9,divorces.site,available,,,high,low,8,,,,
66f1e2cb-f527-499e-a0ae-1d53e8a3506e,wittingly.site,available,0.98,31.98,high,low,9,namecheap,,,15/09/2026 10:32
30ff9a09-2396-4b5f-ab0c-6d0f396bfdc4,continuedly.site,available,,,medium,low,11,,,,
d65ed9a2-aa93-4697-a822-4577b5912598,evident.site,available,2.99,38.5,high,low,7,namesilo,,,25/09/2026 09:49
f970f599-384b-4619-96aa-dfe3052d8361,hexangular.site,available,0.98,31.98,medium,low,10,namecheap,,,21/08/2026 07:48
acea9314-f733-446f-97c7-52ee52d3b260,peelers.site,available,,,medium,low,7,,,,
ec142ab0-a849-4032-808a-bdae3eb4f1f3,odorless.site,available,2.99,38.5,high,low,8,namesilo,,,25/09/2026 12:30
a23f4884-6d5b-4517-a3f3-8c2a32014d01,punctuality.site,available,,,high,low,11,,,,
797f3b8b-0e33-4e6d-82f6-2f0756ca483b,jonson.site,premium,302.5,302.5,high,low,6,namesilo,,,23/09/2026 07:26
ab9f2e05-50ed-4dd7-bd3c-0e282cd41fa6,crayola.site,available,0.98,31.98,high,medium,7,namecheap,,,25/09/2026 09:10
764625c4-4d1f-483b-96b5-f30e32c41177,confirmatory.site,available,,,high,high,12,,,,
bbea8cdd-80ab-4078-8b54-58f3b2a7a903,hannibal.site,premium,302.5,302.5,high,low,8,namesilo,,,27/09/2026 04:24
3d65e6e8-d460-47f0-ab29-e219031f70e7,powerboat.site,available,,,high,high,9,,,,
031ebf03-1ef8-4dee-85b8-692e4a60427a,hereabouts.site,available,0.98,31.98,high,low,10,namecheap,,,15/09/2026 00:20
3bc7d5de-2fa9-4e82-b7ac-ef22b7d86e0d,mustapha.site,available,,,high,high,8,,,,
b78058da-ec71-47ac-b85c-675c7aded9d9,spill.site,premium,137.5,550,high,low,5,dynadot,,,27/09/2026 15:56
eea8dd69-c0d8-4810-b852-fbc95d529246,advocated.site,available,,,high,high,9,,,,
00ff386d-9b21-4b79-af6a-e207e6115b55,hybrid.site,premium,812.5,3250,high,low,6,namecheap,,,25/09/2026 07:10
2e9132c2-ecd8-4a4c-9385-d630cff77067,overcaffeinated.site,available,,,high,high,15,,,,
2a94b404-3884-4f90-b35a-8810b79e8e2a,hurricane.site,premium,812.5,3250,high,low,9,namecheap,,,27/09/2026 14:11
50d2b0ef-33a2-4ad9-a1ec-d1a1af9e1769,relaxate.site,available,,,medium,low,8,,,,
484290fa-f4a0-434c-8c7d-0a35d095a689,pardon.site,premium,64.89,258.95,high,low,6,spaceship,,,29/09/2026 18:25
ab7670f4-41fc-4242-b099-fb5fa8912b79,anklets.site,available,0.98,31.98,high,low,7,namecheap,,,19/09/2026 09:46
0f6fd9a6-4e35-46cf-a2a2-20d9ccaa4a7e,community.site,premium,781.25,3125,high,medium,9,name.com,,,08/09/2026 12:57
57847a46-d736-45a1-8c08-b9c3f845749a,friends.site,premium,1562.5,,high,medium,7,name.com,,,
37eff126-7eb4-42e6-956b-9a1c8ee144a8,prying.site,available,0.98,31.98,high,low,6,namecheap,,,03/09/2026 21:52
56273f5d-2f40-4083-bec9-820aeec7e402,pole.site,premium,812.5,3250,high,low,4,namecheap,,,24/09/2026 13:25
7a34b984-9ec5-4a09-a3e4-d5c6bd4d7634,noc.site,premium,258.95,1035.2,high,low,3,spaceship,,,01/10/2026 03:06
0e9467fd-4aa4-477f-b4f0-41ea3da6b845,icon.site,premium,13800,13800,high,medium,4,namesilo,,,29/09/2026 23:28
cdb9a063-bca3-4bb4-8405-4b7516a0b282,commagene.site,available,,,high,high,9,,,,
392ef92b-5fc3-455f-81f0-7cd6ae3b5fe5,stertorous.site,available,0.98,31.98,medium,low,10,namecheap,,,10/09/2026 20:21
5bbab30e-6e97-431b-947e-5e918aec369f,somme.site,available,2.99,38.5,high,low,5,namesilo,,,22/09/2026 16:09
b0a25e74-9b0f-4321-ae7c-386f325c5f31,keratinize.site,available,,,high,high,10,,,,
32533627-7920-487f-9f5c-85b365486095,pamela.site,premium,78.12,,high,low,6,name.com,,,
0320d57b-9035-4a56-83bf-877ef224702c,buskers.site,available,,,high,low,7,,,,
cc9be32d-fd22-46e9-bb25-8e08c36141fc,trunkfish.site,available,,,high,high,9,,,,
16e3a217-41a3-4c27-871f-f918f1b0241e,aluminate.site,available,0.98,31.98,high,low,9,namecheap,,,18/09/2026 15:13
db42c956-6891-4373-9196-7a126e82354e,incisor.site,available,,,high,high,7,,,,
c3166335-6874-4813-bf8f-40b0311e19ca,preexistent.site,available,,,high,low,11,,,,
b6511d3a-b88e-4c26-af33-dc246d61a59f,caskets.site,available,,,high,low,7,,,,
d07dc72c-03c8-43c6-9a3b-5e6e781bd343,acorn.site,premium,1107,1107,high,low,5,namesilo,,,17/09/2026 02:18
7770e514-3598-48c6-83d2-a47a2e69f347,saltlike.site,available,0.98,31.98,high,medium,8,namecheap,,,09/09/2026 20:58
ac70953d-b10f-4f0a-9b4e-97865a7911fa,vomit.site,premium,81.25,325,high,medium,5,namecheap,,,10/09/2026 07:32
93a7bded-13ce-4541-9348-e89a4ef20052,gorgonacea.site,available,,,high,high,10,,,,
778a44ab-c067-4ce0-9bc2-845bfdad2d83,braxton.site,premium,64.89,258.95,high,low,7,spaceship,,,29/09/2026 11:12
58f3b733-8db3-4323-a5e7-06206ee74850,oversee.site,premium,78.12,,high,low,7,name.com,,,30/09/2026 21:16
8add7f87-317a-48fb-ae1c-0b1bd0ee507b,bobbysoxer.site,available,,,high,high,10,,,,
7991fb57-907e-4364-86f2-a68b8682324f,haa.site,premium,250.2,,high,low,3,unstoppable,,,30/09/2026 12:30
7b05b77d-dec3-4482-8687-4748a43f8aef,conjecturing.site,available,,,high,high,12,,,,
898c7eb5-67ef-4238-8fcb-be95a988d8a7,steals.site,premium,,,medium,low,6,,,,28/09/2026 23:24
f94791b7-ac7d-4b80-aa73-302dabcb4f4b,handygripes.site,available,,,high,low,11,,,,
9b002ac8-46c7-4a49-9f55-9bc60c8f90b6,gymkhana.site,available,,,high,high,8,,,,
f704d60a-4da4-427a-b8fb-d18c620ff1ed,interpandemic.site,available,,,medium,low,13,,,,
8e3e41cc-465d-4081-9837-6bc12908ecf1,telegraphic.site,available,,,high,high,11,,,,
7c4d9895-9468-440b-914a-b3ebe2ad86d7,epicene.site,available,0.98,31.98,high,low,7,namecheap,,,12/08/2026 08:38
1469e81e-5b6f-453c-a1a1-bebd9c6c5a29,mediated.site,available,0.98,31.98,high,low,8,namecheap,,,24/08/2026 18:53
97fbcd05-51a7-4946-b3b5-ba42eab68259,gains.site,premium,81.25,325,high,low,5,namecheap,,,18/09/2026 18:50
9ed8b2d2-e522-4f00-9480-d2c5ca6242f3,resonating.site,available,2.99,38.5,high,low,10,namesilo,,,27/09/2026 12:29
1e9be9c2-63e4-4e21-a1ed-11a40241be58,formulated.site,available,0.98,31.98,high,low,10,namecheap,,,18/08/2026 12:22
88a79fa7-bfe8-4003-9067-ad9a1e39e6c7,washland.site,available,,,high,high,8,,,,
58f58e5d-c9cc-45c1-bfa7-0dc08c8a9522,fairie.site,available,,,high,high,6,,,,
5956607f-5885-4b9c-94a7-7de71cffb5f1,bathtub.site,premium,302.5,302.5,high,low,7,namesilo,,,22/09/2026 13:40
59eab972-eb0a-4342-a753-667bdbd84006,makateas.site,available,,,medium,low,8,,,,
41f1d6be-c076-49c5-a0dd-cb7bdf10b32f,harper.site,premium,302.5,302.5,high,low,6,namesilo,,,25/09/2026 06:58
4682b8f4-d306-4c5f-ad76-b7298db2db42,concordia.site,premium,,,high,low,9,,,,27/09/2026 20:47
c2a7b3cd-a054-4b0a-978c-a16990e62c83,gauze.site,available,,,high,high,5,,,,
037a8691-4ad2-44d3-be23-60481a6abc96,photograph.site,premium,3450,3450,high,low,10,namesilo,,,26/09/2026 00:03
980d3bab-865d-4a9c-b7d1-b535208d5dd0,silverbush.site,available,2.99,38.5,medium,low,10,namesilo,,,19/09/2026 14:04
3dbb2dd9-ee7a-496e-89c9-5527b3ca7801,provost.site,available,,,high,high,7,,,,
3976ac8c-16fe-4b21-8db4-9596deaca843,midjuly.site,available,,,high,high,8,,,,
89b4fc1e-6e26-4385-b606-25edbed0fd22,outweigh.site,available,,,high,high,8,,,,
b45e66df-1824-4ec8-8324-18ca9f7fec32,superstitiously.site,available,,,high,high,15,,,,
9d783df8-8cb3-4b75-b5b8-6e1334c0839c,lactosuria.site,available,,,high,high,10,,,,
0ea3c48e-5cb9-4497-8024-d909ea460e98,hickey.site,available,,,high,high,6,,,,
9c5e4908-8bac-4146-b426-735ee0db02ce,keto.site,premium,3450,3450,high,high,4,namesilo,,,27/09/2026 05:49
4036730d-e69d-4001-8e74-016ce1002f90,buccaneers.site,available,,,high,low,10,,,,
4b2f222b-6add-4616-b5a2-d0a0fea71586,gianna.site,available,,,high,high,6,,,,
94ad5149-44e0-4c6b-b769-548bd3bbfa67,grandparents.site,premium,302.5,302.5,high,low,12,namesilo,,,18/09/2026 06:12
0afbe988-486d-40e6-be58-41fd4493cedc,moosewood.site,available,2.99,38.5,high,low,9,namesilo,,,16/09/2026 23:36
46867797-babd-475a-8704-2b8519febca8,fleeing.site,available,4.99,27.7,medium,low,7,cloudflare,,,29/09/2026 03:23
e1e709de-337b-42c0-a9de-fd4ae964acbe,wasteful.site,available,0.98,31.98,high,low,8,namecheap,,,12/09/2026 08:47
23c9bf38-9a9a-492c-9044-5a277b3aaca2,tipple.site,premium,302.5,302.5,medium,low,6,namesilo,,,23/09/2026 12:44
9a5d3536-bb13-40a8-8a52-a6bf6c0a82b2,reconditioner.site,available,,,high,high,13,,,,
305b479d-f834-4f73-95fa-47d0d5a99622,jaylin.site,available,,,high,high,6,,,,
6a16a941-2e68-46b2-a6b7-2cbfd2a09ef5,barnacle.site,premium,302.5,302.5,high,low,8,namesilo,,,22/09/2026 06:46
48894539-748a-4cea-996b-ea12fdc5c5f2,psychological.site,premium,64.89,258.95,high,low,13,spaceship,,,28/09/2026 04:31
627bd508-d579-4d93-af57-3f32b72f4e7f,euro.site,premium,258.95,1035.2,high,low,4,spaceship,,,30/09/2026 17:14
91ce3fbc-ce67-489b-9ad1-eb9fe20c2a1f,flatly.site,available,,,high,low,6,,,,